frame,x,y,z,cxx,cxy,cxz,cyx,cyy,cyz,czx,czy,czz,trace,in_denial,is_prior,is_tail
0,0.000274,0.000040,0.000049,9.998006732e-05,-7.871870592e-10,-3.807712138e-10,-7.871870592e-10,9.999300628e-05,-2.309894926e-11,-3.807712138e-10,-2.309894926e-11,9.999304285e-05,2.999661165e-04,0,1,0
10,7.845180,0.255080,0.131585,8.007728500e-02,-1.520298229e-04,-2.262784713e-04,-1.520298229e-04,9.533266174e-02,-5.543215199e-06,-2.262784713e-04,-5.543215199e-06,9.533455857e-02,2.707445053e-01,0,0,0
20,16.720803,0.812104,0.379138,1.200557712e-01,1.147874259e-04,-1.863771644e-04,1.147874259e-04,1.689462621e-01,-1.804254120e-06,-1.863771644e-04,-1.804254120e-06,1.689464319e-01,4.579484652e-01,0,0,0
30,26.243878,1.439688,0.672554,1.200626689e-01,-1.702380693e-04,-6.646347248e-04,-1.702380693e-04,1.749424829e-01,-2.040110987e-06,-6.646347248e-04,-2.040110987e-06,1.749356147e-01,4.699407664e-01,0,0,0
40,36.319167,2.013512,1.023235,8.007036167e-02,-1.573059391e-04,-7.988638473e-05,-1.573059391e-04,1.011482908e-01,-3.681998082e-07,-7.988638473e-05,-3.681998082e-07,1.011488888e-01,2.823675412e-01,0,0,0
50,46.606226,2.656575,1.276852,9.996004340e-05,-3.449665997e-10,-5.080272138e-10,-3.449665997e-10,9.998407317e-05,-7.335790560e-12,-5.080272138e-10,-7.335790560e-12,9.998406894e-05,2.999281855e-04,0,1,0
60,56.344721,3.238605,1.531350,8.007655778e-02,-1.182679344e-04,-2.291682883e-04,-1.182679344e-04,9.394826125e-02,-2.498045054e-06,-2.291682883e-04,-2.498045054e-06,9.395013030e-02,2.679749493e-01,0,0,0
70,65.570570,3.886777,1.764763,1.200691778e-01,1.678902132e-04,-4.889500820e-04,1.678902132e-04,1.560601562e-01,-4.356340504e-07,-4.889500820e-04,-4.356340504e-07,1.560658704e-01,4.321952044e-01,0,0,0
80,73.464811,4.594299,1.998630,1.200837624e-01,6.975023150e-04,-2.813506066e-04,6.975023150e-04,1.509637678e-01,7.367451884e-06,-2.813506066e-04,7.367451884e-06,1.509921380e-01,4.220396681e-01,0,0,0
90,79.574451,5.144580,2.212833,8.010340862e-02,1.885377986e-04,-1.152307868e-04,1.885377986e-04,9.038771994e-02,2.220601135e-06,-1.152307868e-04,2.220601135e-06,9.043093552e-02,2.609220641e-01,0,0,0
100,84.335862,5.001374,2.356354,9.991881088e-05,-4.993268285e-10,-2.565908366e-10,-4.993268285e-10,9.992656885e-05,-6.153919410e-11,-2.565908366e-10,-6.153919410e-11,9.993113931e-05,2.997765190e-04,0,1,0
110,87.656704,3.393564,2.225149,3.564374117e-02,1.715251439e-03,-3.214600856e-05,1.715251439e-03,3.671814123e-02,3.864008741e-05,-3.214600856e-05,3.864008741e-05,3.826841097e-02,1.106302934e-01,0,0,0
120,89.194329,0.115986,2.284142,8.395217617e-03,1.035631273e-03,-1.167344122e-04,1.035631273e-03,1.279530540e-02,3.393802887e-05,-1.167344122e-04,3.393802887e-05,1.314882724e-02,3.433935025e-02,0,0,0
130,89.818836,-4.244984,2.425979,5.708080906e-03,1.348388355e-04,-1.808237633e-05,1.348388355e-04,8.039251550e-03,3.231232656e-06,-1.808237633e-05,3.231232656e-06,8.078838434e-03,2.182617089e-02,0,0,0
140,90.017683,-10.146349,2.625887,3.089295447e-03,3.985525159e-06,2.205691739e-07,3.985525159e-06,3.632590042e-03,6.182257444e-07,2.205691739e-07,6.182257444e-07,3.637726880e-03,1.035961237e-02,0,0,0
150,90.260642,-17.869574,2.866665,9.546206046e-05,-1.019086443e-08,1.318481169e-08,-1.019086443e-08,9.560386325e-05,1.643487766e-09,1.318481169e-08,1.643487766e-09,9.560514570e-05,2.866710694e-04,0,1,0
160,91.211191,-26.160654,2.590190,1.455984386e-03,4.989664502e-06,-1.823603405e-06,4.989664502e-06,1.540230669e-03,2.051517146e-07,-1.823603405e-06,2.051517146e-07,1.541457294e-03,4.537672350e-03,0,0,0
170,91.339037,-34.424335,3.016590,3.249960741e-03,-1.739444978e-05,-1.146338667e-05,-1.739444978e-05,3.829588271e-03,1.975626796e-07,-1.146338667e-05,1.975626796e-07,3.837282280e-03,1.091683129e-02,0,0,0
180,90.525643,-41.952404,3.457747,4.118509291e-03,-7.303512710e-05,-1.762494491e-05,-7.303512710e-05,5.002019397e-03,-1.356528336e-06,-1.762494491e-05,-1.356528336e-06,5.010490544e-03,1.413101923e-02,0,0,0
190,89.627840,-48.236971,3.817046,3.782700124e-03,-9.843330281e-06,-1.418283057e-05,-9.843330281e-06,4.354517341e-03,-1.324820442e-07,-1.418283057e-05,-1.324820442e-07,4.357976229e-03,1.249519369e-02,0,0,0
200,90.032826,-53.163278,4.141036,9.928038795e-05,9.811387897e-08,-1.194948388e-08,9.811387897e-08,9.951563464e-05,4.084458146e-09,-1.194948388e-08,4.084458146e-09,9.955883045e-05,2.983548530e-04,0,1,0
210,92.996920,-56.917297,4.321745,4.789323649e-02,-7.714422648e-04,-4.970801154e-06,-7.714422648e-04,4.977795826e-02,2.969461395e-06,-4.970801154e-06,2.969461395e-06,5.017673316e-02,1.478479279e-01,0,0,0
220,97.497474,-58.438999,4.485712,1.019154052e-01,5.599827509e-04,-2.661398551e-04,5.599827509e-04,1.153424112e-01,1.572526225e-05,-2.661398551e-04,1.572526225e-05,1.155700828e-01,3.328278992e-01,0,0,0
230,102.991412,-59.631191,4.645564,1.119702971e-01,3.103386415e-04,-7.870415962e-05,3.103386415e-04,1.310846119e-01,5.217462532e-07,-7.870415962e-05,5.217462532e-07,1.311618283e-01,3.742167373e-01,0,0,0
240,109.555974,-61.316448,4.859578,7.805015241e-02,-1.034715350e-05,-1.385232668e-04,-1.034715350e-05,8.745165681e-02,-7.124698584e-07,-1.385232668e-04,-7.124698584e-07,8.747083498e-02,2.529726442e-01,0,0,0
250,117.272275,-63.085698,5.122796,9.995802920e-05,1.754679252e-10,-2.310202450e-10,1.754679252e-10,9.997829847e-05,2.734159651e-12,-2.310202450e-10,2.734159651e-12,9.997831406e-05,2.999146417e-04,0,1,0
260,125.616275,-64.979475,5.369142,8.009148730e-02,-4.377085068e-04,-9.833385562e-05,-4.377085068e-04,9.418711068e-02,-2.406097497e-06,-9.833385562e-05,-2.406097497e-06,9.420803834e-02,2.684866363e-01,0,0,0
270,133.891176,-67.032673,5.570607,1.201747343e-01,-1.397139388e-03,-1.115209092e-03,-1.397139388e-03,1.605464395e-01,-4.485625318e-05,-1.115209092e-03,-4.485625318e-05,1.606559970e-01,4.413771709e-01,0,0,0
280,141.944408,-68.879227,5.837551,1.201491638e-01,-8.918417851e-04,-3.072897522e-04,-8.918417851e-04,1.609464248e-01,-8.034800876e-06,-3.072897522e-04,-8.034800876e-06,1.611401508e-01,4.422357393e-01,0,0,0
290,149.856396,-70.418428,6.064688,8.012742294e-02,1.111860310e-04,-1.560955016e-04,1.111860310e-04,9.539816808e-02,2.810154597e-06,-1.560955016e-04,2.810154597e-06,9.550660916e-02,2.710322002e-01,0,0,0
300,158.044379,-71.388219,6.270457,9.996039807e-05,1.219180536e-10,-2.764823322e-10,1.219180536e-10,9.998329161e-05,1.473201056e-12,-2.764823322e-10,1.473201056e-12,9.998364027e-05,2.999273300e-04,0,1,0
310,166.222512,-71.809723,6.391368,8.014857761e-02,-7.441248953e-04,-1.546036780e-04,-7.441248953e-04,9.370119312e-02,-1.218813251e-05,-1.546036780e-04,-1.218813251e-05,9.381254288e-02,2.676623136e-01,0,0,0
320,174.525144,-71.867774,6.480558,1.201460920e-01,2.013536724e-04,-2.134488527e-04,2.013536724e-04,1.597194488e-01,-1.833588555e-05,-2.134488527e-04,-1.833588555e-05,1.599425131e-01,4.398080539e-01,0,0,0
330,182.971702,-71.446962,6.541109,1.201189321e-01,5.355329053e-04,-6.595996440e-04,5.355329053e-04,1.610014707e-01,-2.255487299e-05,-6.595996440e-04,-2.255487299e-05,1.610886058e-01,4.422090086e-01,0,0,0
340,191.384914,-70.959768,6.733699,8.008455092e-02,2.226421648e-04,5.837219735e-05,2.226421648e-04,9.503844271e-02,-6.801183112e-06,5.837219735e-05,-6.801183112e-06,9.505583330e-02,2.701788269e-01,0,0,0
350,199.404192,-70.489581,6.970649,9.995176391e-05,4.989274397e-10,-1.065860298e-11,4.989274397e-10,9.997265975e-05,-2.310284863e-16,-1.065860298e-11,-2.310284863e-16,9.997269371e-05,2.998971174e-04,0,1,0
360,206.355085,-69.988429,7.241533,7.177292824e-02,-4.280801083e-05,-2.580546244e-05,-4.280801083e-05,7.829592087e-02,-3.304348752e-06,-2.580546244e-05,-3.304348752e-06,7.833763214e-02,2.284064813e-01,0,0,0
370,212.966613,-69.901659,7.482375,8.687829306e-02,-4.003147731e-04,-1.534647079e-04,-4.003147731e-04,9.743073268e-02,-9.547275737e-06,-1.534647079e-04,-9.547275737e-06,9.754944085e-02,2.818584666e-01,0,0,0
380,219.775109,-69.749487,7.674281,4.538744709e-02,8.129247502e-05,-8.276926341e-05,8.129247502e-05,4.815635722e-02,-2.133594678e-06,-8.276926341e-05,-2.133594678e-06,4.832796635e-02,1.418717707e-01,0,0,0
390,226.898653,-69.724895,7.775644,1.314803263e-03,5.748364991e-06,-1.270806115e-06,5.748364991e-06,1.317737535e-03,1.965835147e-06,-1.270806115e-06,1.965835147e-06,1.368242865e-03,4.000783663e-03,0,0,0
400,233.180668,-69.817039,7.779868,9.430741220e-05,-6.051918829e-08,6.028624736e-09,-6.051918829e-08,9.432788290e-05,6.529598674e-09,6.028624736e-09,6.529598674e-09,9.442613458e-05,2.830614297e-04,0,1,0
410,238.952933,-69.577129,7.872020,2.233250980e-03,4.458843016e-06,5.147276677e-07,4.458843016e-06,2.237934215e-03,8.672108051e-06,5.147276677e-07,8.672108051e-06,2.345824222e-03,6.817009417e-03,0,0,0
420,243.155934,-67.624860,7.890911,3.361453064e-03,5.756348222e-05,7.326072494e-06,5.756348222e-05,3.398609621e-03,4.837031620e-06,7.326072494e-06,4.837031620e-06,3.671132597e-03,1.043119528e-02,0,0,0
430,245.391609,-64.225956,7.666690,3.414032772e-03,-1.030546104e-05,1.196815028e-06,-1.030546104e-05,3.459858978e-03,-1.724481726e-06,1.196815028e-06,-1.724481726e-06,3.700852462e-03,1.057474421e-02,0,0,0
440,245.788883,-59.188416,7.386916,1.970902147e-03,1.240772182e-05,1.675248295e-06,1.240772182e-05,2.002725780e-03,-1.448872441e-06,1.675248295e-06,-1.448872441e-06,2.050262229e-03,6.023890155e-03,0,0,0
450,245.013242,-52.897350,7.183277,9.307202311e-05,-4.833286138e-09,-1.555733930e-09,-4.833286138e-09,9.331145893e-05,-7.428015478e-10,-1.555733930e-09,-7.428015478e-10,9.331811612e-05,2.797015982e-04,0,1,0
460,244.821052,-44.694746,6.931798,2.573519576e-03,-6.582932228e-06,-4.815818975e-06,-6.582932228e-06,2.999293613e-03,-5.244573292e-08,-4.815818975e-06,-5.244573292e-08,2.999653143e-03,8.572466332e-03,0,0,0
470,244.430610,-35.832710,6.624220,3.785219438e-03,3.638486182e-06,-1.876139911e-05,3.638486182e-06,4.991684671e-03,-9.794465451e-09,-1.876139911e-05,-9.794465451e-09,4.992532552e-03,1.376943666e-02,0,0,0
480,243.841154,-27.288916,6.320557,3.974429463e-03,-9.050206384e-06,-1.108987869e-05,-9.050206384e-06,5.336349561e-03,-1.434543611e-07,-1.108987869e-05,-1.434543611e-07,5.336873216e-03,1.464765224e-02,0,0,0
490,243.427345,-19.328499,6.072078,2.962286427e-03,-1.371090036e-05,-5.786003175e-06,-1.371090036e-05,3.508855739e-03,-1.418749705e-07,-5.786003175e-06,-1.418749705e-07,3.510314406e-03,9.981456572e-03,0,0,0
500,242.673026,-11.247101,5.775415,9.625652877e-05,1.691824117e-08,1.295017070e-09,1.691824117e-08,9.662215062e-05,-3.106680908e-10,1.295017070e-09,-3.106680908e-10,9.662320309e-05,2.895018825e-04,0,1,0
510,242.525977,-4.100140,5.301116,1.525140669e-03,2.836722412e-07,5.193205434e-08,2.836722412e-07,1.550128752e-03,-1.882545968e-09,5.193205434e-08,-1.882545968e-09,1.550217716e-03,4.625487137e-03,0,0,0
520,242.241562,1.664377,5.014645,4.307480840e-03,-7.071838607e-06,2.691609646e-06,-7.071838607e-06,4.678789353e-03,5.791692464e-09,2.691609646e-06,5.791692464e-09,4.679902525e-03,1.366617272e-02,0,0,0
530,242.282553,5.366736,4.890436,5.547132363e-03,-3.822487023e-05,3.096299753e-07,-3.822487023e-05,6.500245344e-03,-1.793939553e-07,3.096299753e-07,-1.793939553e-07,6.504598114e-03,1.855197582e-02,0,0,0
540,242.385581,6.419492,4.886880,6.680310956e-03,-2.063801820e-05,2.893051568e-06,-2.063801820e-05,7.086886931e-03,-1.885287769e-07,2.893051568e-06,-1.885287769e-07,7.094520167e-03,2.086171805e-02,0,0,0
550,241.782749,6.195786,5.477275,9.956009666e-05,-3.461851823e-10,4.670678041e-10,-3.461851823e-10,9.957333811e-05,-2.674183088e-10,4.670678041e-10,-2.674183088e-10,9.957348396e-05,2.987069187e-04,0,1,0
560,242.748105,6.726175,4.714879,3.977978129e-03,-4.387411859e-05,8.768085655e-06,-4.387411859e-05,4.570375101e-03,9.178754075e-07,8.768085655e-06,9.178754075e-07,4.588578624e-03,1.313693185e-02,0,0,0
570,243.062037,8.449865,4.594451,1.892360069e-03,-1.066139420e-04,5.623606003e-06,-1.066139420e-04,2.370590633e-03,1.851725964e-06,5.623606003e-06,1.851725964e-06,2.404370097e-03,6.667320799e-03,0,0,0
580,244.296367,11.223519,4.449176,7.189691507e-04,-1.159929964e-04,-1.129021823e-06,-1.159929964e-04,7.247577698e-04,-4.182825062e-07,-1.129021823e-06,-4.182825062e-07,8.423022942e-04,2.286029215e-03,0,0,0
590,246.754009,13.497137,4.882341,1.210496842e-03,2.848347335e-06,-2.403852577e-07,2.848347335e-06,1.199631704e-03,7.640891045e-07,-2.403852577e-07,7.640891045e-07,1.212713042e-03,3.622841588e-03,0,0,0
600,251.459254,14.223925,5.477453,9.693712786e-05,6.403180280e-09,-5.592008541e-09,6.403180280e-09,9.720096571e-05,7.451188437e-11,-5.592008541e-09,7.451188437e-11,9.720473626e-05,2.913428298e-04,0,1,0
610,258.081639,14.488995,5.424885,3.748266706e-03,-8.245072739e-06,-2.521032541e-07,-8.245072739e-06,4.404349091e-03,-9.360339162e-09,-2.521032541e-07,-9.360339162e-09,4.404593589e-03,1.255720939e-02,0,0,0
620,267.406872,14.937990,5.473599,5.433497096e-03,-2.146809941e-05,-4.694072592e-06,-2.146809941e-05,7.381089265e-03,-7.713025157e-09,-4.694072592e-06,-7.713025157e-09,7.381386786e-03,2.019597315e-02,0,0,0
630,276.965992,15.311010,5.567738,5.866479407e-03,-1.888999891e-05,4.842625211e-07,-1.888999891e-05,7.968701978e-03,-4.570447258e-08,4.842625211e-07,-4.570447258e-08,7.969071898e-03,2.180425328e-02,0,0,0
640,286.671052,15.608278,5.736959,4.889313267e-03,-1.772898673e-05,6.414988827e-06,-1.772898673e-05,5.772770171e-03,2.652041515e-07,6.414988827e-06,2.652041515e-07,5.773821304e-03,1.643590474e-02,0,0,0
650,298.156283,16.048784,6.389862,9.791358150e-05,3.570998432e-09,-3.891847936e-09,3.570998432e-09,9.811638992e-05,1.996411822e-10,-3.891847936e-09,1.996411822e-10,9.811605948e-05,2.941460309e-04,0,1,0
660,306.498951,16.663822,6.518277,4.035113684e-03,2.574779749e-06,-3.508224097e-06,2.574779749e-06,4.954329441e-03,-9.068253300e-08,-3.508224097e-06,-9.068253300e-08,4.954222578e-03,1.394366570e-02,0,0,0
670,317.780949,17.205487,6.802237,5.277101452e-03,5.286133810e-06,-3.096811008e-05,5.286133810e-06,8.513113307e-03,-5.252883015e-08,-3.096811008e-05,-5.252883015e-08,8.512714692e-03,2.230292945e-02,0,0,0
680,329.529935,17.834247,7.111787,4.738634012e-03,2.352064942e-05,-3.330003633e-05,2.352064942e-05,7.706966882e-03,-5.082106662e-08,-3.330003633e-05,-5.082106662e-08,7.706796329e-03,2.015239722e-02,0,0,0
690,339.454635,18.524497,7.245030,3.215098304e-03,3.542308075e-05,-1.321316704e-05,3.542308075e-05,4.238967413e-03,4.360593683e-07,-1.321316704e-05,4.360593683e-07,4.243087908e-03,1.169715362e-02,0,0,0
700,350.046169,18.754826,7.574124,9.671931101e-05,7.588214045e-09,2.188006941e-09,7.588214045e-09,9.705642523e-05,-3.148516683e-10,2.188006941e-09,-3.148516683e-10,9.705599121e-05,2.908317275e-04,0,1,0
710,358.418661,19.172806,7.196753,1.555526960e-03,-2.244149166e-06,-4.290383087e-07,-2.244149166e-06,1.588292956e-03,7.135583109e-08,-4.290383087e-07,7.135583109e-08,1.589976656e-03,4.733796573e-03,0,0,0
720,364.374534,19.760493,7.567725,2.441100661e-02,-1.005206508e-04,-3.300792107e-05,-1.005206508e-04,2.522521573e-02,3.093741979e-06,-3.300792107e-05,3.093741979e-06,2.531008243e-02,7.494630476e-02,0,0,0
730,368.851831,20.260758,8.057844,6.149502018e-03,-1.631325099e-04,1.574665126e-05,-1.631325099e-04,7.207353935e-03,5.758049742e-06,1.574665126e-05,5.758049742e-06,7.422258734e-03,2.077911469e-02,0,0,0
740,373.468963,22.240790,8.066198,2.369819859e-03,-6.744704856e-06,-3.051169204e-06,-6.744704856e-06,2.568157902e-03,7.364302360e-07,-3.051169204e-06,7.364302360e-07,2.612364608e-03,7.550342368e-03,0,0,0
750,375.395721,26.647723,8.160605,9.792655602e-05,-3.028634636e-08,1.115823949e-08,-3.028634636e-08,9.800338583e-05,5.383726673e-09,1.115823949e-08,5.383726673e-09,9.802642885e-05,2.939563707e-04,0,1,0
760,375.322106,32.568818,7.242534,9.929071082e-04,-1.928496852e-06,7.425758412e-08,-1.928496852e-06,9.942770143e-04,-2.399319819e-07,7.425758412e-08,-2.399319819e-07,9.998226675e-04,2.987006790e-03,0,0,0
770,374.809323,39.703759,7.089441,5.235315371e-03,-1.342853252e-04,-2.007933737e-05,-1.342853252e-04,5.981488663e-03,-4.632085693e-06,-2.007933737e-05,-4.632085693e-06,6.015522685e-03,1.723232672e-02,0,0,0
780,374.706469,49.225167,7.035820,1.891064155e-02,-2.901730278e-04,-1.265407044e-04,-2.901730278e-04,2.344762039e-02,-1.049985138e-05,-1.265407044e-04,-1.049985138e-05,2.347028486e-02,6.582854680e-02,0,0,0
790,373.999819,58.386385,7.003175,1.628342018e-02,-1.920967278e-04,-7.639982956e-05,-1.920967278e-04,1.879245467e-02,-9.688309474e-06,-7.639982956e-05,-9.688309474e-06,1.881937384e-02,5.389524869e-02,0,0,0
800,372.800491,66.416545,7.098539,9.977302173e-05,-5.913315215e-10,-2.603098691e-09,-5.913315215e-10,9.985793518e-05,-7.955775651e-11,-2.603098691e-09,-7.955775651e-11,9.985792484e-05,2.994888818e-04,0,1,0
810,371.999986,75.439638,6.588903,6.824870545e-02,1.625838667e-04,-4.402373952e-05,1.625838667e-04,7.620960137e-02,-2.692648693e-06,-4.402373952e-05,-2.692648693e-06,7.626576617e-02,2.207240730e-01,0,0,0
820,371.585055,84.267265,6.091870,7.276417529e-02,-2.257865343e-04,-1.122421929e-04,-2.257865343e-04,8.396596747e-02,-2.285753716e-06,-1.122421929e-04,-2.285753716e-06,8.412077100e-02,2.408509138e-01,0,0,0
830,371.617742,91.864428,5.919874,6.450715908e-02,-5.283348425e-04,-2.249340105e-04,-5.283348425e-04,7.360515768e-02,-1.195909384e-05,-2.249340105e-04,-1.195909384e-05,7.367420568e-02,2.117865224e-01,0,0,0
840,371.572626,97.646808,6.070340,6.616490335e-02,4.110054747e-05,-1.594119805e-04,4.110054747e-05,7.139444954e-02,-3.073673039e-07,-1.594119805e-04,-3.073673039e-07,7.139475391e-02,2.089541068e-01,0,0,0
850,371.176046,103.487107,6.249020,9.994628945e-05,1.553066119e-09,-1.424402368e-10,1.553066119e-09,9.996647632e-05,7.329981726e-12,-1.424402368e-10,7.329981726e-12,9.996658846e-05,2.998793542e-04,0,1,0
860,370.340383,110.419312,6.014654,8.012860605e-02,5.971809471e-04,1.280693149e-05,5.971809471e-04,9.384016901e-02,1.837918277e-06,1.280693149e-05,1.837918277e-06,9.393267594e-02,2.679014510e-01,0,0,0
870,369.666619,118.836629,5.658584,1.201517345e-01,-1.675240989e-04,-1.221988934e-04,-1.675240989e-04,1.644224113e-01,3.442230414e-05,-1.221988934e-04,3.442230414e-05,1.646664829e-01,4.492406287e-01,0,0,0
880,369.532498,128.563134,5.418572,1.201946015e-01,-2.364039876e-03,-2.548291354e-04,-2.364039876e-03,1.700123097e-01,-1.102571184e-06,-2.548291354e-04,-1.102571184e-06,1.701838776e-01,4.603907888e-01,0,0,0
890,369.398948,138.463311,5.155113,8.008783867e-02,-3.819071677e-04,-1.824309037e-04,-3.819071677e-04,9.917690899e-02,-3.605035354e-06,-1.824309037e-04,-3.605035354e-06,9.918869248e-02,2.784534401e-01,0,0,0
900,368.922803,148.147771,4.915487,9.996007834e-05,-2.906677248e-12,-1.842783740e-10,-2.906677248e-12,9.998344247e-05,-1.145934466e-13,-1.842783740e-10,-1.145934466e-13,9.998346157e-05,2.999269824e-04,0,1,0
910,368.269483,157.609389,4.624475,8.010714065e-02,-3.187912330e-04,-1.767732410e-04,-3.187912330e-04,9.312219687e-02,-4.985222356e-06,-1.767732410e-04,-4.985222356e-06,9.315006538e-02,2.663794029e-01,0,0,0
920,367.719398,166.603560,4.336190,1.202371552e-01,-1.475494045e-03,-5.756855342e-04,-1.475494045e-03,1.536455697e-01,-3.064740840e-05,-5.756855342e-04,-3.064740840e-05,1.538657860e-01,4.277485108e-01,0,0,0
930,367.359563,174.103785,4.102092,1.204256804e-01,-1.573139364e-03,-3.124386582e-04,-1.573139364e-03,1.493985467e-01,-2.617206614e-05,-3.124386582e-04,-2.617206614e-05,1.499854324e-01,4.198096595e-01,0,0,0
940,366.762470,179.893337,3.937875,8.044207914e-02,1.497441096e-04,-8.982404839e-05,1.497441096e-04,9.007071337e-02,-5.925202220e-07,-8.982404839e-05,-5.925202220e-07,9.062745137e-02,2.611402439e-01,0,0,0
950,364.650811,184.480632,3.760834,9.997041467e-05,-2.689527395e-10,-5.908463661e-11,-2.689527395e-10,9.997126725e-05,1.275961178e-10,-5.908463661e-11,1.275961178e-10,9.998156495e-05,2.999232469e-04,0,1,0
960,359.993787,186.968996,3.547341,8.125252570e-02,-2.102772017e-03,-1.406878896e-04,-2.102772017e-03,8.931518293e-02,-3.633690290e-05,-1.406878896e-04,-3.633690290e-05,9.087279164e-02,2.614405003e-01,0,0,0
970,353.694771,187.258633,3.281290,1.208595822e-01,1.833396167e-04,1.851790687e-04,1.833396167e-04,1.504055075e-01,-8.287100460e-05,1.851790687e-04,-8.287100460e-05,1.519775369e-01,4.232426266e-01,0,0,0
980,346.116967,186.675722,3.116294,1.205347779e-01,1.796283368e-03,-6.758995263e-05,1.796283368e-03,1.562501455e-01,-3.593234986e-05,-6.758995263e-05,-3.593234986e-05,1.571189452e-01,4.339038686e-01,0,0,0
990,337.379625,185.725279,2.930737,8.018854599e-02,6.933982374e-04,7.184053906e-05,6.933982374e-04,9.526525447e-02,-7.507703438e-06,7.184053906e-05,-7.507703438e-06,9.540598850e-02,2.708597890e-01,0,0,0
1000,328.092649,184.880079,2.666073,9.996013807e-05,7.449335253e-10,-2.533304766e-10,7.449335253e-10,9.998382749e-05,6.641462481e-12,-2.533304766e-10,6.641462481e-12,9.998386649e-05,2.999278320e-04,0,1,0
1010,318.704722,184.252384,2.399592,8.007298751e-02,-1.036613650e-04,-1.859029756e-04,-1.036613650e-04,9.714301171e-02,-9.145018853e-07,-1.859029756e-04,-9.145018853e-07,9.714501664e-02,2.743610159e-01,0,0,0
1020,309.205398,183.771888,2.084268,1.200591192e-01,-2.140574952e-04,-3.360231887e-04,-2.140574952e-04,1.715399962e-01,1.210214644e-06,-3.360231887e-04,1.210214644e-06,1.715424553e-01,4.631415708e-01,0,0,0
1030,299.911331,183.399173,1.842592,1.200892939e-01,-1.253819286e-03,-5.588825772e-04,-1.253819286e-03,1.732775355e-01,-1.353001206e-05,-5.588825772e-04,-1.353001206e-05,1.733014890e-01,4.666683185e-01,0,0,0
1040,290.572429,182.976757,1.576854,8.007431526e-02,4.327953547e-05,-2.669758257e-04,4.327953547e-05,9.979416631e-02,-1.196735915e-06,-2.669758257e-04,-1.196735915e-06,9.979183846e-02,2.796603200e-01,0,0,0
1050,281.001152,182.408337,1.386798,9.996002768e-05,-4.894922102e-11,-1.374823633e-10,-4.894922102e-11,9.998617935e-05,-6.327794857e-13,-1.374823633e-10,-6.327794857e-13,9.998618036e-05,2.999323874e-04,0,1,0
1060,271.197435,181.881685,1.060451,8.007353722e-02,-6.367596024e-05,-2.628037844e-04,-6.367596024e-05,9.810899389e-02,-1.897789435e-06,-2.628037844e-04,-1.897789435e-06,9.810538344e-02,2.762879146e-01,0,0,0
1070,261.355276,181.224822,0.842869,1.200683791e-01,5.800685316e-04,6.645217330e-04,5.800685316e-04,1.730724654e-01,-7.209443108e-06,6.645217330e-04,-7.209443108e-06,1.730699927e-01,4.662108372e-01,0,0,0
1080,251.416773,180.530536,0.598550,1.200563842e-01,7.470465406e-05,-2.555451203e-04,7.470465406e-05,1.725269989e-01,1.493730906e-06,-2.555451203e-04,1.493730906e-06,1.725310870e-01,4.651144701e-01,0,0,0
1090,241.905979,179.975972,0.369197,8.007539595e-02,-1.158305741e-04,-3.082302434e-04,-1.158305741e-04,9.774970956e-02,-1.206436687e-06,-3.082302434e-04,-1.206436687e-06,9.774603249e-02,2.755711380e-01,0,0,0
1100,233.550974,179.535314,0.221337,9.996288093e-05,-2.805038445e-09,-1.474859462e-10,-2.805038445e-09,9.997727876e-05,-1.576765650e-11,-1.474859462e-10,-1.576765650e-11,9.997965744e-05,2.999198171e-04,0,1,0
1110,226.916920,179.393430,0.068375,8.297220970e-02,-1.338582264e-03,-3.682806114e-05,-1.338582264e-03,8.453736280e-02,4.924252961e-05,-3.682806114e-05,4.924252961e-05,8.800570113e-02,2.555152736e-01,0,0,0
1120,222.236497,178.824015,-0.057209,1.294752914e-01,-2.123935247e-03,-1.836912413e-05,-2.123935247e-03,1.309631934e-01,2.536279069e-04,-1.836912413e-05,2.536279069e-04,1.438159428e-01,4.042544276e-01,0,0,0
1130,218.530497,176.403953,-0.124671,1.301115770e-01,-2.357939317e-03,-8.651927360e-05,-2.357939317e-03,1.322761683e-01,7.733184242e-05,-8.651927360e-05,7.733184242e-05,1.467702613e-01,4.091580066e-01,0,0,0
1140,216.183304,171.473972,-0.157096,8.351955518e-02,-6.226463667e-05,2.547565064e-05,-6.226463667e-05,8.570421742e-02,-6.505761268e-05,2.547565064e-05,-6.505761268e-05,9.042675850e-02,2.596505311e-01,0,0,0
1150,215.798866,164.625060,-0.089659,9.996393416e-05,1.761641865e-09,-9.822331146e-11,1.761641865e-09,9.997524546e-05,-1.037172017e-10,-9.822331146e-11,-1.037172017e-10,9.997866460e-05,2.999178442e-04,0,1,0
1160,215.810986,156.782086,0.116145,8.009575426e-02,-4.266465353e-04,-7.251797874e-05,-4.266465353e-04,9.379904774e-02,-1.953600346e-07,-7.251797874e-05,-1.953600346e-07,9.383756672e-02,2.677323687e-01,0,0,0
1170,215.963249,147.991793,0.315439,1.201198990e-01,-7.005981786e-04,-4.052222116e-04,-7.005981786e-04,1.614831549e-01,-1.907659486e-06,-4.052222116e-04,-1.907659486e-06,1.616300236e-01,4.432330775e-01,0,0,0
1180,216.450587,138.993617,0.503391,1.201320362e-01,1.119826170e-03,-6.148113627e-04,1.119826170e-03,1.623726250e-01,1.133315950e-05,-6.148113627e-04,1.133315950e-05,1.625046314e-01,4.450092926e-01,0,0,0
1190,217.214120,130.223887,0.705713,8.008559841e-02,3.914013281e-04,-1.092804948e-04,3.914013281e-04,9.466656606e-02,1.237338618e-06,-1.092804948e-04,1.237338618e-06,9.468069817e-02,2.694328626e-01,0,0,0
1200,217.665070,122.697024,0.951369,9.996161461e-05,-2.412578381e-09,-1.738612429e-10,-2.412578381e-09,9.997829530e-05,-5.896204104e-11,-1.738612429e-10,-5.896204104e-11,9.997950853e-05,2.999194184e-04,0,1,0
1210,217.805941,116.577460,1.164202,8.181758467e-02,-1.813791724e-03,-1.528878269e-04,-1.813791724e-03,8.525838807e-02,-6.568796695e-05,-1.528878269e-04,-6.568796695e-05,8.721727339e-02,2.542932461e-01,0,0,0
1220,218.074156,110.766089,1.255341,1.257844951e-01,-2.787250122e-03,-1.272133377e-04,-2.787250122e-03,1.335522533e-01,-3.814277898e-05,-1.272133377e-04,-3.814277898e-05,1.418470696e-01,4.011838180e-01,0,0,0
1230,219.958603,105.603439,1.403670,1.270683706e-01,5.202887570e-04,-2.912997220e-04,5.202887570e-04,1.335580421e-01,-7.984944610e-05,-2.912997220e-04,-7.984944610e-05,1.442699668e-01,4.048963794e-01,0,0,0
1240,223.916088,102.168154,1.603108,8.362186277e-02,1.269151652e-03,-2.340119726e-05,1.269151652e-03,8.444706976e-02,9.289570935e-05,-2.340119726e-05,9.289570935e-05,8.894346350e-02,2.570123960e-01,0,0,0
1250,228.982075,100.789413,1.756378,9.996831840e-05,5.413607199e-09,2.078241020e-10,5.413607199e-09,9.996515277e-05,-3.022982170e-10,2.078241020e-10,-3.022982170e-10,9.997286378e-05,2.999063350e-04,0,1,0
1260,233.699881,99.595178,1.839832,8.326927062e-02,1.137716591e-03,2.287084589e-05,1.137716591e-03,8.285214291e-02,-1.046554637e-04,2.287084589e-05,-1.046554637e-04,8.652509440e-02,2.526465079e-01,0,0,0
1270,236.638471,97.171408,1.944080,1.256390781e-01,2.289904170e-03,-4.462327804e-05,2.289904170e-03,1.302798076e-01,-2.532585295e-05,-4.462327804e-05,-2.532585295e-05,1.376313240e-01,3.935502097e-01,0,0,0
1280,237.919645,93.593668,1.973413,1.231556670e-01,-1.527558901e-04,-1.079068361e-04,-1.527558901e-04,1.333109266e-01,2.187000886e-05,-1.079068361e-04,2.187000886e-05,1.377589250e-01,3.942255186e-01,0,0,0
1290,238.529691,88.577906,2.029813,8.097394773e-02,-8.158432251e-04,5.074630458e-05,-8.158432251e-04,8.613201087e-02,2.365168267e-05,5.074630458e-05,2.365168267e-05,8.727910570e-02,2.543850643e-01,0,0,0
1300,239.060860,81.870322,2.123545,9.996100304e-05,-1.586008134e-09,5.208189101e-11,-1.586008134e-09,9.997688932e-05,3.238984653e-11,5.208189101e-11,3.238984653e-11,9.997766957e-05,2.999155619e-04,0,1,0
1310,239.456181,73.794526,2.347266,8.007665277e-02,-3.108849836e-04,-3.156119254e-05,-3.108849836e-04,9.385946698e-02,-1.075659249e-06,-3.156119254e-05,-1.075659249e-06,9.386876994e-02,2.678048897e-01,0,0,0
1320,239.807673,65.038210,2.593419,1.200685650e-01,-3.343475992e-04,-2.741498865e-04,-3.343475992e-04,1.611763514e-01,-3.678377916e-06,-2.741498865e-04,-3.678377916e-06,1.612084479e-01,4.424533644e-01,0,0,0
1330,240.370070,56.280585,2.866325,1.200610408e-01,2.017639470e-04,3.559563788e-05,2.017639470e-04,1.620385988e-01,3.344783499e-07,3.559563788e-05,3.344783499e-07,1.620588809e-01,4.441585206e-01,0,0,0
1340,240.933138,47.874154,3.109768,8.007454183e-02,3.446414147e-05,-1.801937014e-04,3.446414147e-05,9.520804023e-02,6.091277603e-07,-1.801937014e-04,6.091277603e-07,9.521395758e-02,2.704965396e-01,0,0,0
1350,241.601837,40.007702,3.346036,9.995003398e-05,4.939573277e-10,-2.792455819e-10,4.939573277e-10,9.996822691e-05,8.614523999e-12,-2.792455819e-10,8.614523999e-12,9.996824280e-05,2.998865037e-04,0,1,0
1360,242.185079,33.122747,3.608506,7.004298585e-02,6.852860901e-05,-6.885074340e-05,6.852860901e-05,7.390824760e-02,2.125528235e-06,-6.885074340e-05,2.125528235e-06,7.392740911e-02,2.178786426e-01,0,0,0
1370,242.496862,27.459661,3.841029,7.996660468e-02,-1.917564185e-04,-5.279660447e-05,-1.917564185e-04,8.507844114e-02,-1.963116632e-06,-5.279660447e-05,-1.963116632e-06,8.513372972e-02,2.501787755e-01,0,0,0
1380,242.324092,23.573234,3.990813,2.981494462e-02,-1.273880311e-04,-5.759909225e-06,-1.273880311e-04,3.066593067e-02,-1.201953425e-06,-5.759909225e-06,-1.201953425e-06,3.069365569e-02,9.117453098e-02,0,0,0
1390,241.835001,21.522234,4.001937,1.061220993e-03,-2.523833751e-05,9.173667777e-07,-2.523833751e-05,1.101105291e-03,1.053931150e-07,9.173667777e-07,1.053931150e-07,1.115748901e-03,3.278075186e-03,0,0,0
1400,241.593749,19.872268,3.768286,9.394891841e-05,-3.929627429e-07,-4.287750857e-08,-3.929627429e-07,9.361522642e-05,-6.741371059e-08,-4.287750857e-08,-6.741371059e-08,9.422864661e-05,2.817927914e-04,0,1,0
1410,238.972940,17.218365,4.137303,4.642481315e-02,1.212816020e-03,6.106043865e-06,1.212816020e-03,4.698983601e-02,-2.728621439e-06,6.106043865e-06,-2.728621439e-06,4.810316891e-02,1.415178181e-01,0,0,0
1420,234.552108,15.440867,4.080985,1.015010470e-01,1.824270181e-03,1.808909833e-05,1.824270181e-03,1.173452696e-01,-2.011641629e-06,1.808909833e-05,-2.011641629e-06,1.188611978e-01,3.377075144e-01,0,0,0
1430,227.763754,14.985773,3.866194,1.118927596e-01,-1.703180089e-03,-1.628630437e-04,-1.703180089e-03,1.385794505e-01,-1.060071031e-06,-1.628630437e-04,-1.060071031e-06,1.394591222e-01,3.899313323e-01,0,0,0
1440,219.006632,14.809049,3.559404,7.802967780e-02,-8.370017744e-04,-3.051693857e-05,-8.370017744e-04,9.219735659e-02,6.602528214e-06,-3.051693857e-05,6.602528214e-06,9.235997034e-02,2.625870047e-01,0,0,0
1450,208.700736,14.359213,3.329173,9.995795363e-05,-3.455598899e-10,-8.178157018e-11,-3.455598899e-10,9.998370682e-05,2.104217002e-12,-8.178157018e-11,2.104217002e-12,9.998374135e-05,2.999254018e-04,0,1,0
1460,197.378044,13.623399,3.144111,8.007323122e-02,2.062289450e-04,-2.022177062e-04,2.062289450e-04,1.056531176e-01,1.316749219e-06,-2.022177062e-04,1.316749219e-06,1.056588196e-01,2.913851684e-01,0,0,0
1470,185.499253,12.886108,2.933286,1.200779977e-01,-3.686759825e-04,-1.225008048e-03,-3.686759825e-04,2.052057205e-01,-4.400606389e-06,-1.225008048e-03,-4.400606389e-06,2.052194749e-01,5.305031932e-01,0,0,0
1480,172.974911,12.289563,2.682975,1.200819552e-01,-1.231177985e-03,-9.346921777e-04,-1.231177985e-03,2.135246008e-01,-8.487323440e-06,-9.346921777e-04,-8.487323440e-06,2.135467981e-01,5.471533541e-01,0,0,0
1490,160.029224,11.750112,2.471592,8.007575815e-02,-4.001472809e-04,-2.621364367e-04,-4.001472809e-04,1.141616869e-01,-2.895895417e-06,-2.621364367e-04,-2.895895417e-06,1.141650504e-01,3.084024955e-01,0,0,0
1500,146.975327,11.097385,2.251678,9.996004383e-05,-2.225522812e-10,-4.886835256e-10,-2.225522812e-10,9.998901413e-05,-4.392070926e-12,-4.886835256e-10,-4.392070926e-12,9.998900888e-05,2.999380668e-04,0,1,0
1510,133.993644,10.369483,2.025566,8.008415888e-02,-1.019082528e-04,-4.361424755e-04,-1.019082528e-04,1.041464291e-01,-3.282967867e-06,-4.361424755e-04,-3.282967867e-06,1.041415323e-01,2.883721203e-01,0,0,0
1520,121.669387,9.597020,1.864034,1.200963046e-01,-6.653087670e-04,-7.573307133e-04,-6.653087670e-04,1.840852599e-01,-8.908598195e-06,-7.573307133e-04,-8.908598195e-06,1.841081755e-01,4.882897400e-01,0,0,0
1530,111.097789,9.032125,1.828738,1.201604319e-01,-1.595131404e-03,-5.983876006e-04,-1.595131404e-03,1.717835715e-01,-1.880990477e-05,-5.983876006e-04,-1.880990477e-05,1.719096854e-01,4.638536888e-01,0,0,0
1540,102.794458,8.673644,1.778903,8.021277844e-02,-6.451073925e-04,-3.561974098e-04,-6.451073925e-04,9.533197669e-02,-4.313546467e-06,-3.561974098e-04,-4.313546467e-06,9.552488680e-02,2.710696419e-01,0,0,0
1550,96.793923,7.261417,1.743404,9.991881043e-05,1.045336550e-09,-6.171476082e-10,1.045336550e-09,9.993002912e-05,1.122172116e-10,-6.171476082e-10,1.122172116e-10,9.993519287e-05,2.997840324e-04,0,1,0
1560,92.151094,4.194406,2.083457,3.451225542e-02,-1.663478023e-03,-1.171213490e-04,-1.663478023e-03,3.686884686e-02,-3.198075789e-05,-1.171213490e-04,-3.198075789e-05,3.801759565e-02,1.093986979e-01,0,0,0
1570,90.468326,-0.598421,2.297018,7.591547057e-03,-3.412257276e-04,-8.896551640e-05,-3.412257276e-04,1.192202985e-02,-1.914473906e-06,-8.896551640e-05,-1.914473906e-06,1.201009718e-02,3.152367408e-02,0,0,0
1580,90.255392,-6.590988,2.547283,4.309236466e-03,5.950637027e-06,-5.176012734e-06,5.950637027e-06,5.781077904e-03,1.401646180e-06,-5.176012734e-06,1.401646180e-06,5.795272594e-03,1.588558696e-02,0,0,0
1590,90.064107,-13.782340,2.722513,1.988996703e-03,-2.889883844e-06,1.063945399e-06,-2.889883844e-06,2.095065290e-03,2.065080863e-07,1.063945399e-06,2.065080863e-07,2.096250797e-03,6.180312790e-03,0,0,0
1600,91.036595,-22.596895,2.354720,9.510546054e-05,2.331392466e-08,5.070708181e-09,2.331392466e-08,9.540737464e-05,2.893009151e-09,5.070708181e-09,2.893009151e-09,9.541204916e-05,2.859248844e-04,0,1,0
1610,91.424647,-31.217455,2.860266,2.959062119e-03,-2.592489609e-06,-8.148598299e-06,-2.592489609e-06,3.366016330e-03,2.541841278e-07,-8.148598299e-06,2.541841278e-07,3.371893580e-03,9.696972029e-03,0,0,0
1620,90.718897,-39.797913,3.314493,3.911407501e-03,-4.179775214e-05,-8.549581872e-06,-4.179775214e-05,4.772746796e-03,-1.608243138e-07,-8.549581872e-06,-1.608243138e-07,4.777976672e-03,1.346213097e-02,0,0,0
1630,89.979781,-48.584405,3.845796,3.215278810e-03,-1.042682445e-05,-1.058812654e-05,-1.042682445e-05,3.684323031e-03,-3.154606776e-07,-1.058812654e-05,-3.154606776e-07,3.686350809e-03,1.058595265e-02,0,0,0
1640,88.227796,-57.235900,4.135883,1.131481755e-02,5.376646998e-06,8.693365868e-06,5.376646998e-06,1.151816994e-02,-5.474665830e-07,8.693365868e-06,-5.474665830e-07,1.152059876e-02,3.435358624e-02,0,0,0
1650,85.514224,-65.566826,3.450927,9.989216316e-05,2.396150376e-09,5.904691476e-10,2.396150376e-09,9.991085925e-05,3.539794201e-11,5.904691476e-10,3.539794201e-11,9.991136839e-05,2.997143908e-04,0,1,0
1660,81.982177,-74.175829,3.602755,8.034223066e-02,1.084540675e-03,3.123824677e-05,1.084540675e-03,9.646049243e-02,6.768946681e-06,3.123824677e-05,6.768946681e-06,9.691416005e-02,2.737168831e-01,0,0,0
1670,77.446248,-83.004101,3.806521,1.207269906e-01,2.821757937e-03,-4.012725994e-04,2.821757937e-03,1.695407969e-01,1.374417439e-05,-4.012725994e-04,1.374417439e-05,1.711865641e-01,4.614543517e-01,0,0,0
1680,72.498581,-91.323722,3.956341,1.207415574e-01,-1.441610531e-03,-6.150774223e-04,-1.441610531e-03,1.688836036e-01,-7.302333347e-05,-6.150774223e-04,-7.302333347e-05,1.708362132e-01,4.604613742e-01,0,0,0
1690,66.707267,-98.560804,4.023694,8.046672155e-02,-2.020614741e-03,-2.295818727e-04,-2.020614741e-03,9.605336457e-02,-2.742134145e-05,-2.295818727e-04,-2.742134145e-05,9.659246922e-02,2.731125554e-01,0,0,0
1700,61.778566,-104.661762,4.107726,9.996025484e-05,-1.204894001e-09,-2.547291237e-10,-1.204894001e-09,9.998457079e-05,-1.848717895e-11,-2.547291237e-10,-1.848717895e-11,9.998469831e-05,2.999295239e-04,0,1,0
1710,57.580434,-109.965262,4.165637,8.009603179e-02,-5.510315290e-04,-5.753372065e-05,-5.510315290e-04,9.233922709e-02,-1.191885940e-06,-5.753372065e-05,-1.191885940e-06,9.236744753e-02,2.648027064e-01,0,0,0
1720,52.977940,-115.462736,4.176169,1.201158212e-01,-6.795022861e-04,-5.348613205e-04,-6.795022861e-04,1.573893180e-01,1.292425426e-06,-5.348613205e-04,1.292425426e-06,1.574908035e-01,4.349959426e-01,0,0,0
1730,48.186987,-122.014871,4.132359,1.200795216e-01,8.131430892e-04,1.449379015e-05,8.131430892e-04,1.630788417e-01,-1.529161964e-06,1.449379015e-05,-1.529161964e-06,1.631180098e-01,4.462763731e-01,0,0,0
1740,42.642203,-129.425840,4.151359,8.007312523e-02,1.764874402e-05,-1.696221559e-04,1.764874402e-05,9.736159322e-02,4.806009112e-07,-1.696221559e-04,4.806009112e-07,9.736413036e-02,2.747988488e-01,0,0,0
1750,36.840296,-137.201864,4.135000,9.996010306e-05,1.329434232e-10,-3.130382749e-10,1.329434232e-10,9.998266079e-05,-1.459516008e-12,-3.130382749e-10,-1.459516008e-12,9.998267731e-05,2.999254412e-04,0,1,0
1760,31.257963,-144.917753,4.119821,8.014767301e-02,-4.931765564e-04,-1.512689535e-04,-4.931765564e-04,9.355961726e-02,-1.028124044e-05,-1.512689535e-04,-1.028124044e-05,9.361146244e-02,2.673187527e-01,0,0,0
1770,25.712941,-152.289726,4.187254,1.203725682e-01,-1.739895136e-03,-6.693891678e-04,-1.739895136e-03,1.553911951e-01,-7.221932856e-05,-6.693891678e-04,-7.221932856e-05,1.557577311e-01,4.315214944e-01,0,0,0
1780,20.855426,-158.431021,4.303190,1.210132226e-01,-3.564497880e-03,-2.741024837e-04,-3.564497880e-03,1.509998320e-01,-9.763656237e-05,-2.741024837e-04,-9.763656237e-05,1.523671901e-01,4.243802447e-01,0,0,0
1790,17.456856,-163.344899,4.399053,8.085868316e-02,7.119268610e-04,-1.652517765e-04,7.119268610e-04,9.086028440e-02,8.615625455e-06,-1.652517765e-04,8.615625455e-06,9.205418879e-02,2.637731564e-01,0,0,0
1800,16.347267,-169.030890,4.568514,9.996313691e-05,5.041332666e-09,-2.110802151e-10,5.041332666e-09,9.997881517e-05,6.875635001e-11,-2.110802151e-10,6.875635001e-11,9.998187247e-05,2.999238245e-04,0,1,0
1810,16.317868,-175.534915,4.675030,8.009298539e-02,2.604759971e-04,-4.837505809e-05,2.604759971e-04,9.094563135e-02,4.480772124e-06,-4.837505809e-05,4.480772124e-06,9.098109373e-02,2.620197105e-01,0,0,0
1820,15.847446,-182.665926,4.866548,1.200886598e-01,-7.598628146e-04,-9.868156373e-05,-7.598628146e-04,1.521824511e-01,-2.910888411e-06,-9.868156373e-05,-2.910888411e-06,1.522338871e-01,4.245049979e-01,0,0,0
1830,15.280716,-190.258365,5.032179,1.200709346e-01,-1.544630150e-04,-4.316573083e-04,-1.544630150e-04,1.553411686e-01,-2.007009759e-06,-4.316573083e-04,-2.007009759e-06,1.553601168e-01,4.307722200e-01,0,0,0
1840,14.626161,-198.216489,5.196323,8.007599581e-02,-2.038772897e-04,5.747806861e-06,-2.038772897e-04,9.413614076e-02,9.544827162e-07,5.747806861e-06,9.544827162e-07,9.414685969e-02,2.683589963e-01,0,0,0
1850,13.858342,-206.561688,5.410078,9.996003166e-05,-1.912650997e-10,-2.160940689e-10,-1.912650997e-10,9.998328933e-05,-1.388458407e-12,-2.160940689e-10,-1.388458407e-12,9.998329029e-05,2.999266113e-04,0,1,0
1860,13.221451,-214.994946,5.671179,8.007023533e-02,-7.184031310e-05,-8.352279119e-05,-7.184031310e-05,9.491127361e-02,-1.167501268e-06,-8.352279119e-05,-1.167501268e-06,9.491240609e-02,2.698939150e-01,0,0,0
1870,12.462885,-223.685554,5.897366,1.200612253e-01,1.044102365e-05,-5.841242360e-04,1.044102365e-05,1.640918197e-01,-1.210518888e-07,-5.841242360e-04,-1.210518888e-07,1.640853236e-01,4.482383686e-01,0,0,0
1880,11.708779,-232.630188,6.129220,1.200688839e-01,-6.278425460e-04,-5.589542615e-04,-6.278425460e-04,1.655585466e-01,-7.521746076e-06,-5.589542615e-04,-7.521746076e-06,1.655614577e-01,4.511888883e-01,0,0,0
1890,10.905575,-241.511287,6.376770,8.007268111e-02,-2.384592341e-04,-9.334058472e-05,-2.384592341e-04,9.675626082e-02,-1.656998556e-06,-9.334058472e-05,-1.656998556e-06,9.675918418e-02,2.735881261e-01,0,0,0
1900,10.231209,-250.112103,6.647763,9.996007674e-05,5.927224323e-10,-3.205784775e-10,5.927224323e-10,9.997884760e-05,1.134227239e-11,-3.205784775e-10,1.134227239e-11,9.997888133e-05,2.999178057e-04,0,1,0
1910,9.689321,-257.742210,6.877202,8.011615982e-02,1.677653180e-04,-6.843639965e-05,1.677653180e-04,8.678337210e-02,2.379322480e-06,-6.843639965e-05,2.379322480e-06,8.684352021e-02,2.537430521e-01,0,0,0
1920,8.885430,-264.171708,7.109606,1.202320729e-01,-1.290059735e-03,-4.478278360e-04,-1.290059735e-03,1.362548609e-01,-3.648592642e-05,-4.478278360e-04,-3.648592642e-05,1.364432454e-01,3.929301792e-01,0,0,0
1930,7.738610,-268.866397,7.267873,1.203986161e-01,-1.803683702e-03,-3.366233007e-04,-1.803683702e-03,1.346491707e-01,-3.919081812e-05,-3.366233007e-04,-3.919081812e-05,1.349947318e-01,3.900425185e-01,0,0,0
1940,7.256493,-271.710806,7.366659,8.024804188e-02,2.379260478e-04,-8.873492192e-05,2.379260478e-04,8.531879912e-02,8.625773544e-06,-8.873492192e-05,8.625773544e-06,8.552164519e-02,2.510884862e-01,0,0,0
1950,7.873293,-274.234744,7.448068,9.996940632e-05,-1.510299622e-09,-1.606189055e-10,-1.510299622e-09,9.996741538e-05,-1.484044070e-11,-1.606189055e-10,-1.484044070e-11,9.997671933e-05,2.999135410e-04,0,1,0
1960,10.323438,-276.705016,7.576371,8.214491638e-02,-3.242234799e-03,-9.500094214e-05,-3.242234799e-03,8.716164946e-02,-5.474571581e-05,-9.500094214e-05,-5.474571581e-05,8.948519444e-02,2.587917603e-01,0,0,0
1970,15.269006,-278.078169,7.660181,1.210699524e-01,-2.630359312e-03,-1.706530737e-04,-2.630359312e-03,1.459453487e-01,-1.110438978e-04,-1.706530737e-04,-1.110438978e-04,1.476315467e-01,4.146468477e-01,0,0,0
1980,22.304606,-278.992640,7.829212,1.206312320e-01,1.878792862e-03,-5.779817447e-05,1.878792862e-03,1.526775796e-01,-6.785153669e-05,-5.779817447e-05,-6.785153669e-05,1.537370028e-01,4.270458144e-01,0,0,0
1990,31.111333,-279.557555,8.048580,8.020299157e-02,7.202039588e-04,-1.154068513e-04,7.202039588e-04,9.456409864e-02,-5.804144357e-06,-1.154068513e-04,-5.804144357e-06,9.473545495e-02,2.695025452e-01,0,0,0
2000,40.759143,-280.304938,8.321859,9.996015034e-05,5.561450475e-10,9.155328606e-11,5.561450475e-10,9.998384015e-05,-5.688879876e-12,9.155328606e-11,-5.688879876e-12,9.998389946e-05,2.999278899e-04,0,1,0
2010,50.938149,-281.016863,8.557412,8.007241550e-02,-4.763315228e-05,-2.579043579e-04,-4.763315228e-05,9.973647973e-02,-4.610375175e-08,-2.579043579e-04,-4.610375175e-08,9.973312090e-02,2.795420161e-01,0,0,0
2020,61.129330,-281.744004,8.835572,1.201007706e-01,-1.303085907e-03,-1.056527866e-03,-1.303085907e-03,1.797668756e-01,-2.215845052e-05,-1.056527866e-03,-2.215845052e-05,1.797774809e-01,4.796451270e-01,0,0,0
2030,71.339514,-282.572285,9.137143,1.200544181e-01,-1.041873462e-04,8.223193477e-05,-1.041873462e-04,1.816640560e-01,-3.818869218e-07,8.223193477e-05,-3.818869218e-07,1.816666366e-01,4.833851107e-01,0,0,0
2040,81.495572,-283.243894,9.430651,8.006919850e-02,-2.971308616e-06,-8.053287536e-05,-2.971308616e-06,1.021848040e-01,-2.240434376e-07,-8.053287536e-05,-2.240434376e-07,1.021850250e-01,2.844390274e-01,0,0,0
2050,91.570613,-284.051110,9.682872,9.996010139e-05,5.731369984e-10,-4.921259729e-10,5.731369984e-10,9.998609149e-05,9.437671742e-12,-4.921259729e-10,9.437671742e-12,9.998614641e-05,2.999323393e-04,0,1,0
2060,101.495541,-285.265754,9.995118,8.008381521e-02,-3.679333055e-05,-2.863444827e-04,-3.679333055e-05,9.684786474e-02,-1.771718656e-06,-2.863444827e-04,-1.771718656e-06,9.686002149e-02,2.737917014e-01,0,0,0
2070,111.110201,-286.846480,10.289371,1.200789320e-01,-2.907432753e-05,-6.272193816e-04,-2.907432753e-05,1.663496570e-01,-1.271312787e-06,-6.272193816e-04,-1.271312787e-06,1.663660095e-01,4.527945985e-01,0,0,0
2080,120.262131,-288.242531,10.580331,1.201280219e-01,1.141282008e-03,-8.690097783e-04,1.141282008e-03,1.621768046e-01,2.249859200e-05,-8.690097783e-04,2.249859200e-05,1.622431838e-01,4.445480103e-01,0,0,0
2090,128.373876,-289.593621,10.809070,8.011080538e-02,-2.563016970e-04,-2.684733090e-04,-2.563016970e-04,9.350781652e-02,-2.296295925e-06,-2.684733090e-04,-2.296295925e-06,9.356424193e-02,2.671828638e-01,0,0,0
2100,134.499326,-291.131481,11.021320,9.996665665e-05,-4.530132318e-09,-3.962634040e-10,-4.530132318e-09,9.997505605e-05,-1.381931373e-10,-3.962634040e-10,-1.381931373e-10,9.998112506e-05,2.999228378e-04,0,1,0
2110,139.804628,-292.153274,11.236445,8.560243977e-02,-2.152125538e-03,-4.711256815e-05,-2.152125538e-03,8.365622157e-02,1.172139542e-04,-4.711256815e-05,1.172139542e-04,9.019891429e-02,2.594575756e-01,0,0,0
2120,145.085488,-291.004246,11.451337,1.307256621e-01,-5.219659939e-03,-1.630222900e-04,-5.219659939e-03,1.361193701e-01,4.266009135e-04,-1.630222900e-04,4.266009135e-04,1.524477899e-01,4.192928220e-01,0,0,0
2130,149.296404,-286.851239,11.574745,1.261655723e-01,6.604093780e-04,-2.813275953e-04,6.604093780e-04,1.428525722e-01,2.930623201e-04,-2.813275953e-04,2.930623201e-04,1.540364142e-01,4.230545587e-01,0,0,0
2140,152.520658,-280.210236,11.593695,8.167315556e-02,1.718082191e-03,-1.454768844e-04,1.718082191e-03,9.021781357e-02,2.936352567e-06,-1.454768844e-04,2.936352567e-06,9.245260519e-02,2.643435743e-01,0,0,0
2150,156.434785,-272.537384,11.606582,9.996155522e-05,2.942688807e-09,1.940671072e-11,2.942688807e-09,9.998104673e-05,8.627046499e-12,1.940671072e-11,8.627046499e-12,9.998201859e-05,2.999246205e-04,0,1,0
2160,161.044966,-264.162237,11.462147,8.011460203e-02,-1.238681320e-04,-8.691729682e-05,-1.238681320e-04,9.821407976e-02,-5.099383964e-06,-8.691729682e-05,-5.099383964e-06,9.826321026e-02,2.765918921e-01,0,0,0
2170,166.438384,-256.154428,11.374867,1.205067710e-01,-4.731712677e-03,-5.442841126e-04,-4.731712677e-03,1.746064487e-01,-4.181335108e-05,-5.442841126e-04,-4.181335108e-05,1.750617315e-01,4.701749512e-01,0,0,0
2180,172.019381,-247.991155,11.218673,1.202374810e-01,-1.855830505e-03,-7.384730601e-05,-1.855830505e-03,1.772233409e-01,1.571080149e-05,-7.384730601e-05,1.571080149e-05,1.776262963e-01,4.750871182e-01,0,0,0
2190,177.030265,-239.390494,11.022839,8.015480810e-02,6.514422749e-04,-2.910287006e-04,6.514422749e-04,1.007932062e-01,1.342229000e-05,-2.910287006e-04,1.342229000e-05,1.009506028e-01,2.818986171e-01,0,0,0
2200,181.544100,-230.683733,10.902341,9.996010910e-05,9.502906346e-10,1.167309441e-10,9.502906346e-10,9.998250248e-05,-7.559407595e-12,1.167309441e-10,-7.559407595e-12,9.998256845e-05,2.999251800e-04,0,1,0
2210,186.032381,-222.442037,10.836488,8.007131621e-02,-4.560024748e-09,-1.264735800e-04,-4.560024748e-09,9.102644535e-02,-3.380712291e-08,-1.264735800e-04,-3.380712291e-08,9.102669928e-02,2.621244608e-01,0,0,0
2220,189.993742,-215.076052,10.784782,1.200750722e-01,5.110190898e-04,-4.469869223e-04,5.110190898e-04,1.464138815e-01,9.040653497e-06,-4.469869223e-04,9.040653497e-06,1.464229922e-01,4.129119459e-01,0,0,0
2230,193.012104,-209.123096,10.727006,1.200887361e-01,5.114591262e-04,-3.112043657e-04,5.114591262e-04,1.421491924e-01,5.470580511e-06,-3.112043657e-04,5.470580511e-06,1.421871592e-01,4.044250877e-01,0,0,0
2240,195.130085,-205.286218,10.688987,8.010577092e-02,-3.234194209e-04,-2.251042536e-04,-3.234194209e-04,8.778134269e-02,-1.055532811e-05,-2.251042536e-04,-1.055532811e-05,8.781235510e-02,2.556994687e-01,0,0,0
2250,196.574707,-203.291921,10.657923,9.996984930e-05,-2.245494557e-09,-1.248126878e-10,-2.245494557e-09,9.998676023e-05,-1.634785593e-11,-1.248126878e-10,-1.634785593e-11,9.998705926e-05,2.999436688e-04,0,1,0
2260,198.375456,-201.042307,10.637350,8.996541100e-02,-1.686771651e-03,1.254201189e-04,-1.686771651e-03,9.794690628e-02,2.593016076e-05,1.254201189e-04,2.593016076e-05,9.837373041e-02,2.862860477e-01,0,0,0
2269,201.269670,-197.445815,10.651675,1.529747910e-01,-4.310401490e-03,-6.353359353e-04,-4.310401490e-03,1.889941969e-01,-4.214781688e-05,-6.353359353e-04,-4.214781688e-05,1.905272737e-01,5.324962616e-01,0,0,0
2270,201.630496,-196.973407,10.622865,1.588662257e-01,-4.338889023e-03,-7.227685247e-04,-4.338889023e-03,1.996933602e-01,-6.016071697e-05,-7.227685247e-04,-6.016071697e-05,2.013612308e-01,5.599208166e-01,1,0,0
2280,205.391795,-191.212572,10.554352,2.060394922e-01,-7.047703742e-04,-1.039983425e-03,-7.047703742e-04,3.101498313e-01,1.004422593e-04,-1.039983425e-03,1.004422593e-04,3.131342584e-01,8.293235818e-01,1,0,0
2290,209.352633,-184.319531,10.475373,2.324056942e-01,-2.958434209e-03,-5.836137681e-04,-2.958434209e-03,3.983754739e-01,1.126776605e-04,-5.836137681e-04,1.126776605e-04,4.028778698e-01,1.033659038e+00,1,0,0
2300,213.691076,-176.735593,10.355473,2.379549558e-01,-9.666489328e-03,-2.188387683e-03,-9.666489328e-03,4.208689958e-01,-3.598430187e-05,-2.188387683e-03,-3.598430187e-05,4.276280675e-01,1.086452019e+00,1,0,0
2310,218.011752,-169.251518,10.263732,2.223413693e-01,-1.287001947e-02,-1.146680232e-03,-1.287001947e-02,3.624221455e-01,8.972119389e-05,-1.146680232e-03,8.972119389e-05,3.716786280e-01,9.564421429e-01,1,0,0
2320,221.610163,-162.734206,10.232057,1.849859066e-01,-1.013592562e-02,-8.663269889e-04,-1.013592562e-02,2.606030970e-01,1.869144757e-04,-8.663269889e-04,1.869144757e-04,2.705601078e-01,7.161491114e-01,1,0,0
2330,223.688004,-157.328584,10.212766,1.239536524e-01,3.089165017e-05,-5.919958502e-05,3.089165017e-05,1.524421160e-01,2.167698857e-04,-5.919958502e-05,2.167698857e-04,1.578273354e-01,4.342231039e-01,1,0,0
2340,223.882401,-151.596798,10.088682,4.180358675e-02,7.052378842e-04,-4.782701499e-05,7.052378842e-04,4.567968452e-02,1.826832527e-05,-4.782701499e-05,1.826832527e-05,4.638547982e-02,1.338687511e-01,1,0,0
2350,223.296443,-144.531466,9.803062,2.106257905e-03,1.673229778e-06,-1.575985364e-06,1.673229778e-06,2.586067547e-03,2.002086777e-07,-1.575985364e-06,2.002086777e-07,2.596587198e-03,7.288912650e-03,1,0,0
2360,222.708691,-135.826772,9.510247,9.238156854e-04,1.402089870e-06,-4.992779188e-07,1.402089870e-06,9.613360711e-04,1.850342952e-08,-4.992779188e-07,1.850342952e-08,9.616951326e-04,2.846846889e-03,1,0,0
2370,222.429672,-126.128058,9.276210,2.746287732e-03,9.909276957e-06,-1.610757195e-05,9.909276957e-06,3.512158129e-03,3.658008187e-07,-1.610757195e-05,3.658008187e-07,3.514061485e-03,9.772507346e-03,1,0,0
2380,221.734209,-115.866740,8.960343,3.596620819e-03,2.665627711e-05,-1.257614347e-05,2.665627711e-05,5.210225033e-03,2.232574340e-07,-1.257614347e-05,2.232574340e-07,5.210889692e-03,1.401773554e-02,1,0,0
2390,221.428036,-106.122458,8.713480,3.547646688e-03,6.567405650e-06,-3.453216056e-06,6.567405650e-06,4.841892755e-03,-4.424439182e-08,-3.453216056e-06,-4.424439182e-08,4.842394282e-03,1.323193373e-02,1,0,0
2400,221.042303,-96.572616,8.518184,1.915374337e-03,3.015531011e-06,-2.922083272e-06,3.015531011e-06,2.189320853e-03,7.918697844e-08,-2.922083272e-06,7.918697844e-08,2.189800286e-03,6.294495477e-03,1,0,0
2410,220.341176,-87.631667,8.227353,1.514210382e-03,2.185486449e-05,-1.208381999e-06,2.185486449e-05,1.554673588e-03,1.176727132e-06,-1.208381999e-06,1.176727132e-06,1.578174937e-03,4.647058907e-03,1,0,0
2420,219.766383,-80.634840,8.047814,2.474203390e-03,4.668778493e-05,-5.436197047e-06,4.668778493e-05,2.600829632e-03,6.888604659e-06,-5.436197047e-06,6.888604659e-06,2.773015841e-03,7.848048863e-03,1,0,0
2430,221.168822,-74.908456,7.839003,2.531744334e-03,1.622908434e-05,-1.797086511e-06,1.622908434e-05,2.614785393e-03,1.603551777e-06,-1.797086511e-06,1.603551777e-06,2.857981286e-03,8.004511013e-03,1,0,0
2440,225.240679,-71.071783,7.773892,1.430600269e-03,9.758082775e-06,2.678576954e-08,9.758082775e-06,1.471217156e-03,1.113626917e-06,2.678576954e-08,1.113626917e-06,1.547444401e-03,4.449261825e-03,1,0,0
2447,229.588253,-69.650338,7.833605,7.153129827e-04,-3.151738110e-06,4.028490798e-08,-3.151738110e-06,7.107753978e-04,3.366424233e-07,4.028490798e-08,3.366424233e-07,7.217717494e-04,2.147860130e-03,1,0,0
2450,231.459060,-69.527363,7.846065,6.487247410e-04,-1.611771234e-06,1.882146982e-07,-1.611771234e-06,6.483928724e-04,1.505561683e-07,1.882146982e-07,1.505561683e-07,6.514697469e-04,1.948587360e-03,1,0,0
2460,238.975290,-69.438731,7.870052,2.168500322e-03,7.220637883e-07,5.983533078e-07,7.220637883e-07,2.184378566e-03,7.394997154e-06,5.983533078e-07,7.394997154e-06,2.284588938e-03,6.637467826e-03,1,0,0
2470,247.475295,-69.292411,8.037191,5.216358939e-02,2.238984389e-04,-1.070764325e-04,2.238984389e-04,5.701075839e-02,4.522377464e-05,-1.070764325e-04,4.522377464e-05,5.739811451e-02,1.665724623e-01,1,0,0
2480,256.760198,-68.784368,8.195173,1.410223640e-01,-6.523383619e-04,-1.359362165e-03,-6.523383619e-04,2.216925122e-01,3.857524262e-05,-1.359362165e-03,3.857524262e-05,2.224138600e-01,5.851287362e-01,1,0,0
2490,266.985728,-68.329816,8.370198,2.190681642e-01,-2.810380161e-04,-1.626035357e-03,-2.810380161e-04,5.432117530e-01,5.213951709e-05,-1.626035357e-03,5.213951709e-05,5.443734689e-01,1.306653386e+00,1,0,0
2500,277.646206,-67.775870,8.572402,2.863752716e-01,2.819095901e-03,-3.010834677e-03,2.819095901e-03,1.044628792e+00,5.199802226e-05,-3.010834677e-03,5.199802226e-05,1.046189179e+00,2.377193243e+00,1,0,0
2510,288.083048,-67.120186,8.849225,3.429723771e-01,-3.206183475e-04,-1.202068864e-02,-3.206183475e-04,1.647478620e+00,5.111868789e-05,-1.202068864e-02,5.111868789e-05,1.649148840e+00,3.639599837e+00,1,0,0
2520,298.367720,-66.533374,9.098451,3.888435021e-01,2.437244947e-03,-2.121389523e-02,2.437244947e-03,2.260913630e+00,1.064347711e-04,-2.121389523e-02,1.064347711e-04,2.262694562e+00,4.912451694e+00,1,0,0
2530,308.422284,-65.807795,9.282159,4.255506441e-01,6.941604457e-02,-1.033024237e-02,6.941604457e-02,2.787436168e+00,4.259820750e-04,-1.033024237e-02,4.259820750e-04,2.791396683e+00,6.004383495e+00,1,0,0
2540,318.250132,-64.663726,9.592613,4.610353662e-01,1.896103685e-01,-2.368245380e-02,1.896103685e-01,3.146109521e+00,1.940111232e-03,-2.368245380e-02,1.940111232e-03,3.161556194e+00,6.768701080e+00,1,0,0
2550,328.134141,-63.408157,9.800369,4.642112789e-01,8.370597335e-02,-3.752611028e-02,8.370597335e-02,3.329750244e+00,1.406265065e-03,-3.752611028e-02,1.406265065e-03,3.337183852e+00,7.131145375e+00,1,0,0
2560,338.172976,-62.700818,10.075792,4.643786108e-01,-3.676532839e-02,-1.062946973e-02,-3.676532839e-02,3.289194150e+00,5.202216799e-05,-1.062946973e-02,5.202216799e-05,3.295615669e+00,7.049188430e+00,1,0,0
2570,348.259931,-62.227935,10.323226,4.565941558e-01,-4.857808997e-02,-2.680146523e-02,-4.857808997e-02,3.048436916e+00,-2.765382449e-04,-2.680146523e-02,-2.765382449e-04,3.053582697e+00,6.558613769e+00,1,0,0
2580,357.531069,-61.833514,10.548562,4.403593732e-01,-9.392794100e-02,-2.272954385e-02,-9.392794100e-02,2.678877163e+00,-7.681891669e-04,-2.272954385e-02,-7.681891669e-04,2.685552333e+00,5.804788869e+00,1,0,0
2590,365.234600,-61.876226,10.779885,4.188614784e-01,-1.523957318e-01,-1.341041866e-02,-1.523957318e-01,2.266898977e+00,-1.032351122e-03,-1.341041866e-02,-1.032351122e-03,2.280606657e+00,4.966367112e+00,1,0,0
2600,371.893300,-61.807073,11.012130,3.666075812e-01,-3.072904935e-02,-5.110170493e-03,-3.072904935e-02,1.857523593e+00,-1.866344109e-05,-5.110170493e-03,-1.866344109e-05,1.859571328e+00,4.083702502e+00,1,0,0
2610,378.979299,-60.866541,11.178443,3.214992196e-01,8.912570543e-02,2.111081377e-03,8.912570543e-02,1.373876617e+00,-1.765522032e-04,2.111081377e-03,-1.765522032e-04,1.382043697e+00,3.077419533e+00,1,0,0
2620,387.473295,-59.984452,11.343595,2.516980773e-01,4.201110068e-03,2.611132994e-03,4.201110068e-03,8.675450167e-01,-2.887880254e-05,2.611132994e-03,-2.887880254e-05,8.683014500e-01,1.987544544e+00,1,0,0
2624,391.261728,-59.870922,11.457026,2.239179506e-01,-9.634260296e-03,-8.662565446e-05,-9.634260296e-03,6.743690932e-01,-1.671243892e-05,-8.662565446e-05,-1.671243892e-05,6.750740452e-01,1.573361089e+00,1,0,0
2625,392.249315,-59.854783,11.478198,2.167720923e-01,-1.133990907e-02,-1.721250544e-03,-1.133990907e-02,6.282622797e-01,-5.805799452e-05,-1.721250544e-03,-5.805799452e-05,6.289985288e-01,1.474032901e+00,0,0,0
2630,397.356335,-59.804887,11.605373,1.788572186e-01,-8.530639313e-03,-1.727331908e-03,-8.530639313e-03,4.194147286e-01,-6.507546116e-05,-1.727331908e-03,-6.507546116e-05,4.198534159e-01,1.018125363e+00,0,0,0
2640,408.058812,-59.410187,11.875595,9.472011934e-02,-6.351831850e-04,-5.004535544e-04,-6.351831850e-04,1.344327243e-01,-9.090237550e-06,-5.004535544e-04,-9.090237550e-06,1.344434866e-01,3.635963302e-01,0,0,0
2650,418.586924,-58.794435,12.072469,9.997471994e-05,-7.523574417e-11,-4.195669432e-10,-7.523574417e-11,9.998987494e-05,-1.507499832e-12,-4.195669432e-10,-1.507499832e-12,9.998988444e-05,2.999544793e-04,0,1,0
2660,428.675394,-58.311009,12.325730,8.015439443e-02,5.866953050e-05,-1.863228825e-04,5.866953050e-05,9.316219160e-02,2.086165794e-06,-1.863228825e-04,2.086165794e-06,9.322621415e-02,2.665428002e-01,0,0,0
2670,437.446948,-57.697140,12.564852,1.205067746e-01,2.158428649e-03,-6.587317971e-04,2.158428649e-03,1.513652378e-01,5.265556495e-05,-6.587317971e-04,5.265556495e-05,1.518779555e-01,4.237499679e-01,0,0,0
2680,444.448567,-56.626325,12.747911,1.215522309e-01,3.886269466e-03,-5.114120611e-04,3.886269466e-03,1.453320615e-01,6.351206660e-05,-5.114120611e-04,6.351206660e-05,1.473301091e-01,4.142144015e-01,0,0,0
2690,449.653124,-56.424038,12.904262,8.152657479e-02,-1.309759573e-03,-2.018130663e-04,-1.309759573e-03,8.838946707e-02,-1.099022132e-04,-2.018130663e-04,-1.099022132e-04,9.033132966e-02,2.602473715e-01,0,0,0
2700,452.991723,-58.995577,13.086252,9.997007524e-05,1.668326914e-10,-1.616212860e-10,1.668326914e-10,9.997058370e-05,-1.022343052e-10,-1.616212860e-10,-1.022343052e-10,9.998056552e-05,2.999212245e-04,0,1,0
2710,454.289489,-63.009954,13.184926,8.016857540e-02,3.919384712e-04,-1.979262785e-05,3.919384712e-04,8.923228073e-02,8.986016122e-06,-1.979262785e-05,8.986016122e-06,8.936021570e-02,2.587610718e-01,0,0,0
2720,454.533356,-68.657502,13.317566,1.201244037e-01,-1.059541231e-03,-1.569804032e-04,-1.059541231e-03,1.479647132e-01,-1.637991527e-06,-1.569804032e-04,-1.637991527e-06,1.480460823e-01,4.161351992e-01,0,0,0
2730,455.029943,-75.894952,13.483529,1.200711457e-01,-2.523140692e-04,-2.099546404e-04,-2.523140692e-04,1.540981404e-01,1.116836548e-07,-2.099546404e-04,1.116836548e-07,1.541162335e-01,4.282855196e-01,0,0,0
2740,455.704386,-84.542743,13.737807,8.007317220e-02,-4.087348641e-05,2.811445141e-05,-4.087348641e-05,9.480325205e-02,4.314904501e-07,2.811445141e-05,4.314904501e-07,9.480882073e-02,2.696852450e-01,0,0,0
2750,456.288629,-93.999571,13.970332,9.996006351e-05,-5.457576723e-10,-2.303865807e-10,-5.457576723e-10,9.998327815e-05,-5.544724661e-12,-2.303865807e-10,-5.544724661e-12,9.998329202e-05,2.999266337e-04,0,1,0
2760,456.841085,-103.733999,14.249018,8.010484646e-02,-5.026213713e-04,-2.458691424e-04,-5.026213713e-04,9.733826455e-02,-9.003017441e-06,-2.458691424e-04,-9.003017441e-06,9.736702461e-02,2.748101356e-01,0,0,0
2770,457.342122,-113.383968,14.574045,1.201869699e-01,-1.854962755e-03,5.184499513e-05,-1.854962755e-03,1.703849679e-01,2.094406148e-06,5.184499513e-05,2.094406148e-06,1.705957990e-01,4.611677367e-01,0,0,0
2780,457.873954,-122.646676,14.905041,1.202836085e-01,-2.251391069e-03,1.047144087e-04,-2.251391069e-03,1.698787646e-01,2.323546325e-05,1.047144087e-04,2.323546325e-05,1.703226815e-01,4.604850547e-01,0,0,0
2790,458.809069,-131.519450,15.165571,8.018051576e-02,3.589904613e-04,-2.527507449e-04,3.589904613e-04,9.783211936e-02,1.252227435e-05,-2.527507449e-04,1.252227435e-05,9.805147928e-02,2.760641144e-01,0,0,0
2800,460.538471,-140.065813,15.417577,9.996097969e-05,-4.250577748e-10,-3.636582518e-10,-4.250577748e-10,9.998314296e-05,-3.392610335e-11,-3.636582518e-10,-3.392610335e-11,9.998401063e-05,2.999281333e-04,0,1,0
2810,462.972575,-148.189359,15.716000,8.033877213e-02,-1.057575453e-03,-2.660167863e-04,-1.057575453e-03,9.274861703e-02,-3.033324117e-05,-2.660167863e-04,-3.033324117e-05,9.314261610e-02,2.662300053e-01,0,0,0
2820,466.021580,-155.870926,16.041957,1.205534915e-01,-1.148470551e-03,-1.079626820e-04,-1.148470551e-03,1.548557908e-01,-4.510152211e-05,-1.079626820e-04,-4.510152211e-05,1.559650770e-01,4.313743593e-01,0,0,0
2830,469.645618,-163.099773,16.452021,1.205404622e-01,1.114586218e-03,1.084718748e-05,1.114586218e-03,1.529274081e-01,-1.295888463e-05,1.084718748e-05,-1.295888463e-05,1.539918705e-01,4.274597408e-01,0,0,0
2840,473.661809,-169.470505,16.803068,8.035019700e-02,1.308672909e-03,-1.899117857e-04,1.308672909e-03,9.095602161e-02,2.014975101e-05,-1.899117857e-04,2.014975101e-05,9.131252535e-02,2.626187440e-01,0,0,0
2850,476.988430,-174.255401,17.068464,9.996622196e-05,3.597846847e-09,-2.504978650e-10,3.597846847e-09,9.997262540e-05,-6.145113429e-11,-2.504978650e-10,-6.145113429e-11,9.997842381e-05,2.999172712e-04,0,1,0
2860,478.740713,-177.825211,17.201923,8.493653990e-02,2.010355617e-03,2.096750638e-05,2.010355617e-03,8.236497689e-02,-6.394698504e-05,2.096750638e-05,-6.394698504e-05,8.764947469e-02,2.549509915e-01,0,0,0
2870,478.997399,-181.487937,17.323007,1.302367089e-01,7.042999776e-03,1.978581875e-04,7.042999776e-03,1.316060380e-01,-2.780204215e-04,1.978581875e-04,-2.780204215e-04,1.443711494e-01,4.062138963e-01,0,0,0
2880,477.000605,-185.600977,17.348484,1.247587728e-01,3.795224204e-03,1.425923108e-04,3.795224204e-03,1.418512465e-01,-3.105612877e-04,1.425923108e-04,-3.105612877e-04,1.498052209e-01,4.164152402e-01,0,0,0
2890,471.773946,-190.334681,17.295985,8.124212420e-02,-7.164543633e-04,-4.372260216e-06,-7.164543633e-04,9.039021591e-02,-4.660243984e-05,-4.372260216e-06,-4.660243984e-05,9.223295047e-02,2.638652906e-01,0,0,0
2900,464.496506,-196.034229,17.213066,9.996127229e-05,-2.327473132e-09,-1.837420290e-10,-2.327473132e-09,9.997988237e-05,-3.140808070e-11,-1.837420290e-10,-3.140808070e-11,9.998080083e-05,2.999219555e-04,0,1,0
2910,456.515081,-202.251119,17.171384,8.007431053e-02,-1.664438298e-04,-1.671198863e-04,-1.664438298e-04,9.937178784e-02,-1.508253062e-06,-1.671198863e-04,-1.508253062e-06,9.937860744e-02,2.788247058e-01,0,0,0
2920,448.689523,-208.589270,17.150360,1.200644619e-01,-4.652472657e-04,-4.506885815e-04,-4.652472657e-04,1.789841448e-01,-2.171548438e-06,-4.506885815e-04,-2.171548438e-06,1.789958772e-01,4.780444839e-01,0,0,0
2930,440.990512,-214.743183,17.136976,1.200859473e-01,-7.550947186e-04,-9.851571310e-04,-7.550947186e-04,1.820311012e-01,-6.139498240e-06,-9.851571310e-04,-6.139498240e-06,1.820520291e-01,4.841690776e-01,0,0,0
2940,433.279791,-221.167211,17.066163,8.007193471e-02,1.443855921e-04,-1.079894407e-04,1.443855921e-04,1.032906087e-01,1.158702545e-06,-1.079894407e-04,1.158702545e-06,1.032975633e-01,2.866601068e-01,0,0,0
2950,425.153824,-227.975878,17.024408,9.996155437e-05,2.314823375e-09,-1.472660264e-10,2.314823375e-09,9.998255899e-05,4.258197104e-12,-1.472660264e-10,4.258197104e-12,9.998338970e-05,2.999275031e-04,0,1,0
2960,417.298234,-234.751018,17.039355,8.163493089e-02,1.733809648e-03,-1.128893493e-04,1.733809648e-03,9.188816995e-02,-5.652998404e-05,-1.128893493e-04,-5.652998404e-05,9.401377348e-02,2.675368743e-01,0,0,0
2970,410.307179,-240.517677,17.004701,1.258717639e-01,2.623890945e-03,-4.699130665e-04,2.623890945e-03,1.487582532e-01,-2.246483650e-04,-4.699130665e-04,-2.246483650e-04,1.599166198e-01,4.345466369e-01,0,0,0
2980,404.726861,-243.892390,17.014565,1.308473197e-01,-3.081276951e-03,-1.675928891e-04,-3.081276951e-03,1.423936238e-01,-5.884310945e-04,-1.675928891e-04,-5.884310945e-04,1.618145965e-01,4.350555400e-01,0,0,0
2990,399.140863,-243.268495,16.876872,8.701277048e-02,-1.821463942e-03,-1.116487459e-05,-1.821463942e-03,8.519173185e-02,-1.733348060e-04,-1.116487459e-05,-1.733348060e-04,9.437962813e-02,2.665841305e-01,0,0,0
3000,394.742563,-239.438187,16.599680,9.997252412e-05,3.785645041e-09,-2.037668494e-10,3.785645041e-09,9.997153783e-05,-1.586326427e-10,-2.037668494e-10,-1.586326427e-10,9.998324426e-05,2.999273062e-04,0,1,0
3010,391.486362,-233.254179,16.228835,8.077332936e-02,2.031129391e-03,-5.801084603e-05,2.031129391e-03,9.420074752e-02,3.385136732e-05,-5.801084603e-05,3.385136732e-05,9.528225871e-02,2.702563356e-01,0,0,0
3020,389.431700,-224.923564,15.884879,1.207125198e-01,-7.411909102e-04,-5.523724667e-04,-7.411909102e-04,1.689147016e-01,1.205950644e-04,-5.523724667e-04,1.205950644e-04,1.706654763e-01,4.602926976e-01,0,0,0
3030,388.098743,-214.772894,15.588569,1.205184904e-01,-2.357357952e-03,-6.143069015e-05,-2.357357952e-03,1.788108345e-01,8.993568286e-05,-6.143069015e-05,8.993568286e-05,1.799239208e-01,4.792532457e-01,0,0,0
3040,386.997644,-203.801539,15.330909,8.023109003e-02,-1.062060755e-03,-9.338387113e-05,-1.062060755e-03,1.034857978e-01,6.353528650e-06,-9.338387113e-05,6.353528650e-06,1.037452201e-01,2.874621080e-01,0,0,0
3050,386.135721,-192.582159,15.035289,9.996025099e-05,-9.419917976e-10,-3.078901359e-10,-9.419917976e-10,9.998629541e-05,-1.139682441e-11,-3.078901359e-10,-1.139682441e-11,9.998642774e-05,2.999329741e-04,0,1,0
3060,385.563536,-181.576641,14.701557,8.007743517e-02,6.202618559e-06,-2.736673121e-04,6.202618559e-06,9.925883845e-02,9.792326623e-07,-2.736673121e-04,9.792326623e-07,9.925999600e-02,2.785962696e-01,0,0,0
3070,385.094682,-170.984044,14.361541,1.200853988e-01,-1.640779957e-04,-8.109155397e-04,-1.640779957e-04,1.722974922e-01,3.045073858e-06,-8.109155397e-04,3.045073858e-06,1.723098645e-01,4.646927554e-01,0,0,0
3080,384.776714,-161.006786,14.105809,1.201397053e-01,-1.522767924e-03,-5.771331000e-04,-1.522767924e-03,1.656324976e-01,-1.820706665e-05,-5.771331000e-04,-1.820706665e-05,1.657141727e-01,4.514863757e-01,0,0,0
3090,384.729424,-152.660212,13.909901,8.014672512e-02,-4.628106742e-04,-1.951890725e-04,-4.628106742e-04,9.407583214e-02,-6.509207562e-06,-1.951890725e-04,-6.509207562e-06,9.417706793e-02,2.683996252e-01,0,0,0
3100,383.725629,-146.628715,13.740811,9.996971139e-05,2.564702092e-10,-2.039607318e-10,2.564702092e-10,9.997345539e-05,3.938975074e-10,-2.039607318e-10,3.938975074e-10,9.998299755e-05,2.999261643e-04,0,1,0
3110,380.385346,-143.230577,13.564369,8.249764362e-02,-2.955710312e-03,-3.209202857e-05,-2.955710312e-03,8.719213705e-02,4.573329302e-05,-3.209202857e-05,4.573329302e-05,9.011511591e-02,2.598048966e-01,0,0,0
3120,375.170206,-142.228685,13.384168,1.213927526e-01,-6.432040073e-04,-2.773576574e-04,-6.432040073e-04,1.460432969e-01,-1.274476054e-05,-2.773576574e-04,-1.274476054e-05,1.484566086e-01,4.158926582e-01,0,0,0
3130,368.549465,-142.092032,13.167428,1.207872237e-01,6.959999345e-04,2.259501805e-05,6.959999345e-04,1.527759889e-01,-1.371669747e-05,2.259501805e-05,-1.371669747e-05,1.541950273e-01,4.277582399e-01,0,0,0
3140,360.201067,-142.296207,12.971684,8.030175808e-02,6.518107584e-04,1.044988338e-05,6.518107584e-04,9.515530660e-02,8.521009318e-06,1.044988338e-05,8.521009318e-06,9.551226959e-02,2.709693343e-01,0,0,0
3150,350.191025,-142.855492,12.697432,9.996027238e-05,9.085656075e-10,-9.572754483e-11,9.085656075e-10,9.998426253e-05,1.592727957e-12,-9.572754483e-11,1.592727957e-12,9.998440275e-05,2.999289377e-04,0,1,0
3160,339.591706,-143.524078,12.492612,8.006932944e-02,9.367746661e-06,-9.608532225e-05,9.367746661e-06,1.021995093e-01,-9.631180388e-07,-9.608532225e-05,-9.631180388e-07,1.021993587e-01,2.844681974e-01,0,0,0
3170,328.873540,-144.198281,12.295738,1.200663691e-01,-3.840468245e-04,-8.167847116e-04,-3.840468245e-04,1.903535938e-01,-9.159146821e-06,-8.167847116e-04,-9.159146821e-06,1.903470810e-01,5.007670439e-01,0,0,0
3180,317.966609,-144.799199,12.019968,1.200692630e-01,-5.677369782e-04,-9.412955526e-04,-5.677369782e-04,1.959668793e-01,-8.890829089e-06,-9.412955526e-04,-8.890829089e-06,1.959588342e-01,5.119949764e-01,0,0,0
3190,306.430097,-145.455590,11.724101,8.007374717e-02,-2.153225688e-04,-3.183665206e-04,-2.153225688e-04,1.081257030e-01,-2.819570495e-06,-3.183665206e-04,-2.819570495e-06,1.081236867e-01,2.963231369e-01,0,0,0
3200,294.625761,-146.127496,11.431166,9.996002581e-05,-1.198839776e-11,-1.670283883e-10,-1.198839776e-11,9.998858125e-05,-7.031387438e-14,-1.670283883e-10,-7.031387438e-14,9.998858030e-05,2.999371874e-04,0,1,0
3210,283.045442,-146.876334,11.199986,8.007058399e-02,-5.876251105e-05,-1.878247231e-04,-5.876251105e-05,1.031107935e-01,-9.294452401e-08,-1.878247231e-04,-9.294452401e-08,1.031106782e-01,2.862920557e-01,0,0,0
3220,271.678735,-147.524839,11.008963,1.200616265e-01,-6.000752738e-04,3.529991077e-04,-6.000752738e-04,1.879226644e-01,1.934032033e-06,3.529991077e-04,1.934032033e-06,1.879258926e-01,4.959101835e-01,0,0,0
3230,260.664961,-148.148172,10.711352,1.200609148e-01,-6.175017550e-04,-2.659367798e-04,-6.175017550e-04,1.843283303e-01,-2.395469544e-06,-2.659367798e-04,-2.395469544e-06,1.843344516e-01,4.887236967e-01,0,0,0
3240,250.284080,-148.672148,10.467460,8.007382116e-02,-2.056199463e-04,-2.187326072e-04,-2.056199463e-04,1.004504587e-01,-3.029891635e-06,-2.187326072e-04,-3.029891635e-06,1.004492352e-01,2.809735151e-01,0,0,0
3250,241.508215,-149.228042,10.371578,9.994856633e-05,9.330476377e-10,-2.077145118e-10,9.330476377e-10,9.996718427e-05,8.106005926e-12,-2.077145118e-10,8.106005926e-12,9.996749769e-05,2.998832483e-04,0,1,0
3260,234.955336,-149.862625,10.258680,6.862215615e-02,4.352787637e-04,-6.685293192e-05,4.352787637e-04,7.117406974e-02,-7.071029432e-06,-6.685293192e-05,-7.071029432e-06,7.163968023e-02,2.114359061e-01,0,0,0
3270,230.327374,-149.819395,10.141788,7.368452781e-02,1.767169629e-04,-2.624151981e-05,1.767169629e-04,7.603511339e-02,-3.093516750e-05,-2.624151981e-05,-3.093516750e-05,7.725823944e-02,2.269778806e-01,0,0,0
3280,226.675372,-148.025338,10.018864,1.380927934e-02,5.917532837e-04,-1.231726765e-05,5.917532837e-04,1.445640034e-02,7.767396334e-06,-1.231726765e-05,7.767396334e-06,1.492629185e-02,4.319197154e-02,0,0,0
3290,223.862316,-143.908913,9.809583,2.077987807e-03,8.272276227e-05,1.828051982e-07,8.272276227e-05,2.441349862e-03,3.032595641e-08,1.828051982e-07,3.032595641e-08,2.466560273e-03,6.985897942e-03,0,0,0
3300,222.620083,-137.726273,9.562285,9.923809516e-05,3.421515717e-08,-2.534970955e-09,3.421515717e-08,9.971439828e-05,2.863120209e-10,-2.534970955e-09,2.863120209e-10,9.972403459e-05,2.986765280e-04,0,1,0
3310,222.375151,-129.871308,9.359614,2.517102938e-03,-2.711069110e-06,1.883185469e-06,-2.711069110e-06,2.949702599e-03,3.268233860e-08,1.883185469e-06,3.268233860e-08,2.950002053e-03,8.416807590e-03,0,0,0
3320,221.941009,-120.250157,9.094579,3.342187519e-03,-8.531647754e-06,-1.403387274e-05,-8.531647754e-06,4.848980103e-03,-7.630616158e-08,-1.403387274e-05,-7.630616158e-08,4.849225596e-03,1.304039322e-02,0,0,0
3330,221.445725,-110.019854,8.788690,3.702757609e-03,2.566644373e-05,-1.824082975e-05,2.566644373e-05,5.261159070e-03,4.079102783e-07,-1.824082975e-05,4.079102783e-07,5.261758811e-03,1.422567549e-02,0,0,0
3340,221.049972,-100.576312,8.611528,3.175608745e-03,1.305594713e-05,-2.471153224e-06,1.305594713e-05,3.937825561e-03,5.475301949e-08,-2.471153224e-06,5.475301949e-08,3.938445284e-03,1.105187959e-02,0,0,0
3350,220.670126,-91.008616,8.344902,9.830408487e-05,1.296725966e-07,-1.484675049e-08,1.296725966e-07,9.895878252e-05,4.591640436e-09,-1.484675049e-08,4.591640436e-09,9.903266258e-05,2.962955300e-04,0,1,0
3360,219.870742,-83.362083,8.142414,2.199270760e-03,3.662816925e-05,-6.128128317e-06,3.662816925e-05,2.325828087e-03,4.012786175e-06,-6.128128317e-06,4.012786175e-06,2.416539503e-03,6.941638350e-03,0,0,0
3370,219.963014,-78.166134,7.974442,2.723652447e-03,4.699568019e-05,-6.711402828e-06,4.699568019e-05,2.834621413e-03,8.835338374e-06,-6.711402828e-06,8.835338374e-06,3.075985951e-03,8.634259810e-03,0,0,0
3380,221.430582,-74.112453,7.835790,2.565890230e-03,1.413198694e-06,-1.206809725e-06,1.413198694e-06,2.635696327e-03,3.073522101e-06,-1.206809725e-06,3.073522101e-06,2.887414689e-03,8.089001246e-03,0,0,0
3390,225.070280,-71.023225,7.785059,1.594928280e-03,1.078952176e-05,-3.542009029e-07,1.078952176e-05,1.636909332e-03,1.729462915e-06,-3.542009029e-07,1.729462915e-06,1.720513945e-03,4.952351558e-03,0,0,0
3400,230.289493,-69.727505,7.916809,9.434136191e-05,-6.396429754e-08,5.127716243e-09,-6.396429754e-08,9.427191436e-05,4.258958744e-09,5.127716243e-09,4.258958744e-09,9.444486451e-05,2.830581408e-04,0,1,0
3410,234.978515,-69.493750,7.833498,1.173278089e-03,-4.307159296e-06,3.372892839e-07,-4.307159296e-06,1.174415643e-03,7.568330136e-07,3.372892839e-07,7.568330136e-07,1.184403294e-03,3.532097026e-03,0,0,0
3420,240.525565,-68.781298,7.910068,2.801881759e-03,1.025502495e-05,8.397076171e-07,1.025502495e-05,2.840563857e-03,1.191088303e-05,8.397076171e-07,1.191088303e-05,2.987143076e-03,8.629588692e-03,0,0,0
3430,244.343120,-65.704577,7.776608,3.483285714e-03,2.168056602e-05,-4.656776500e-07,2.168056602e-05,3.532838339e-03,-1.383330063e-06,-4.656776500e-07,-1.383330063e-06,3.791528255e-03,1.080765231e-02,0,0,0
3440,245.720497,-61.018024,7.473194,2.438117420e-03,1.027458941e-05,1.235101979e-06,1.027458941e-05,2.506849625e-03,-1.899040704e-06,1.235101979e-06,-1.899040704e-06,2.597966748e-03,7.542933793e-03,0,0,0
3450,245.607155,-54.844447,7.099526,9.303233559e-05,3.405299445e-08,4.607311954e-10,3.405299445e-08,9.310227339e-05,-4.046372876e-09,4.607311954e-10,-4.046372876e-09,9.315504012e-05,2.792896491e-04,0,1,0
3460,244.933751,-47.224350,7.052745,2.004515878e-03,-4.080451330e-06,-1.735696341e-06,-4.080451330e-06,2.229147086e-03,2.737393082e-08,-1.735696341e-06,2.737393082e-08,2.229392612e-03,6.463055576e-03,0,0,0
3470,244.445319,-37.397146,6.686934,3.739404202e-03,9.412258922e-07,-1.409614227e-05,9.412258922e-07,4.887824416e-03,2.686810621e-08,-1.409614227e-05,2.686810621e-08,4.888209683e-03,1.351543830e-02,0,0,0
3480,243.710281,-26.883817,6.336611,4.022956278e-03,-9.830688328e-06,-8.876471754e-06,-9.830688328e-06,5.355343031e-03,-6.092646539e-08,-8.876471754e-06,-6.092646539e-08,5.355657144e-03,1.473395645e-02,0,0,0
3490,243.055864,-16.289932,5.955029,2.131834050e-03,1.541248082e-06,-1.223125952e-06,1.541248082e-06,2.377773251e-03,-3.829068683e-09,-1.223125952e-06,-3.829068683e-09,2.377856842e-03,6.887464143e-03,0,0,0
3500,242.724594,-6.251436,5.391453,9.640618721e-05,9.812037441e-09,2.882570977e-09,9.812037441e-09,9.654336323e-05,-2.684996280e-10,2.882570977e-09,-2.684996280e-10,9.654425593e-05,2.894938064e-04,0,1,0
3510,242.096737,1.538706,5.030852,4.135714595e-03,-5.801829848e-06,-1.042307494e-07,-5.801829848e-06,4.481531909e-03,2.817718418e-08,-1.042307494e-07,2.817718418e-08,4.483040288e-03,1.310028679e-02,0,0,0
3520,242.052465,6.097335,4.874179,5.812484074e-03,-6.635304599e-05,-8.637951952e-07,-6.635304599e-05,6.851895844e-03,-2.013058680e-07,-8.637951952e-07,-2.013058680e-07,6.858263044e-03,1.952264296e-02,0,0,0
3530,242.846097,8.286042,4.598459,2.043572799e-03,-1.059177667e-04,4.412621820e-06,-1.059177667e-04,2.533693144e-03,1.580008554e-06,4.412621820e-06,1.580008554e-06,2.567950111e-03,7.145216054e-03,0,0,0
3540,243.909736,10.781934,4.500272,1.196412286e-03,-1.220039567e-04,6.243035772e-07,-1.220039567e-04,1.245816941e-03,1.149991888e-06,6.243035772e-07,1.149991888e-06,1.351361740e-03,3.793590966e-03,0,0,0
3550,246.360821,13.450527,4.971999,9.250767677e-05,9.252985080e-08,-1.044749150e-08,9.252985080e-08,9.198196500e-05,6.132355007e-08,-1.044749150e-08,6.132355007e-08,9.257635983e-05,2.770660016e-04,0,1,0
3560,251.941393,14.248870,5.411862,1.109393916e-03,9.780403827e-08,-8.738915231e-08,9.780403827e-08,1.133452093e-03,1.725344579e-09,-8.738915231e-08,1.725344579e-09,1.133573521e-03,3.376419530e-03,0,0,0
3570,261.042882,14.537934,5.441548,4.396203594e-03,-1.588311345e-06,8.525530253e-06,-1.588311345e-06,5.460437152e-03,-4.292148509e-08,8.525530253e-06,-4.292148509e-08,5.460722964e-03,1.531736371e-02,0,0,0
3580,270.823821,15.068512,5.499714,5.695483807e-03,-6.126517163e-06,2.139672990e-05,-6.126517163e-06,7.880546797e-03,6.364772638e-08,2.139672990e-05,6.364772638e-08,7.880385132e-03,2.145641574e-02,0,0,0
3590,283.191202,15.684592,5.648116,4.887129773e-03,3.989816180e-06,-1.426678649e-06,3.989816180e-06,6.475216336e-03,9.729706286e-08,-1.426678649e-06,9.729706286e-08,6.475366804e-03,1.783771291e-02,0,0,0
3600,295.639015,16.170432,5.816658,9.775654832e-05,-5.401577225e-10,-6.846399633e-10,-5.401577225e-10,9.807739621e-05,1.297694724e-10,-6.846399633e-10,1.297694724e-10,9.807696135e-05,2.939109059e-04,0,1,0
3610,309.093791,16.769043,6.509543,3.795494344e-03,-5.489302652e-06,-7.883310380e-07,-5.489302652e-06,4.790405780e-03,5.135430145e-09,-7.883310380e-07,5.135430145e-09,4.790432298e-03,1.337633242e-02,0,0,0
3620,322.554906,17.365345,6.879218,4.925855752e-03,1.713481592e-05,-3.235360586e-05,1.713481592e-05,8.299559504e-03,1.698908959e-07,-3.235360586e-05,1.698908959e-07,8.299522036e-03,2.152493729e-02,0,0,0
3630,333.583631,17.996362,7.167219,4.335162879e-03,2.166783222e-05,-2.161047801e-05,2.166783222e-05,6.524873490e-03,5.892495819e-08,-2.161047801e-05,5.892495819e-08,6.524990815e-03,1.738502718e-02,0,0,0
3640,345.644584,18.410019,7.390892,2.139199804e-03,-8.562912879e-07,-4.603356380e-06,-8.562912879e-07,2.382296035e-03,-9.428682379e-09,-4.603356380e-06,-9.428682379e-09,2.382243921e-03,6.903739759e-03,0,0,0
3650,356.203508,18.834164,7.115943,9.694282731e-05,3.259442939e-11,6.905110611e-09,3.259442939e-11,9.706314095e-05,-2.100633207e-10,6.905110611e-09,-2.100633207e-10,9.706381214e-05,2.910697804e-04,0,1,0
3660,365.649085,18.780848,7.535806,2.059640422e-02,-1.260394457e-04,-2.330229002e-05,-1.260394457e-04,2.121571338e-02,6.001918981e-08,-2.330229002e-05,6.001918981e-08,2.130549983e-02,6.311761742e-02,0,0,0
3670,371.462218,18.665501,8.079093,5.920893971e-03,-4.439839368e-04,4.168755692e-06,-4.439839368e-04,5.884106916e-03,1.064203137e-05,4.168755692e-06,1.064203137e-05,6.403842174e-03,1.820884306e-02,0,0,0
3680,375.468201,21.430295,8.090407,2.324196132e-03,-9.897309884e-05,-2.115753530e-06,-9.897309884e-05,2.390028980e-03,-1.607641777e-07,-2.115753530e-06,-1.607641777e-07,2.475458079e-03,7.189683190e-03,0,0,0
3690,377.016056,26.170023,8.008499,9.726624788e-04,-3.230613146e-06,8.139171115e-07,-3.230613146e-06,9.775266516e-04,3.204576147e-07,8.139171115e-07,3.204576147e-07,9.815113402e-04,2.931700471e-03,0,0,0
3700,376.134947,32.448548,7.165555,9.789695588e-05,1.356212220e-08,8.071514339e-09,1.356212220e-08,9.807033786e-05,-7.960148267e-10,8.071514339e-09,-7.960148267e-10,9.807209399e-05,2.940393877e-04,0,1,0
3710,375.887369,38.519982,7.013926,1.046241506e-02,2.062787182e-05,-6.460723834e-06,2.062787182e-05,1.105088467e-02,-4.332142863e-07,-6.460723834e-06,-4.332142863e-07,1.105315299e-02,3.256645272e-02,0,0,0
3720,375.658475,49.575930,6.994889,1.633810921e-02,-5.585707028e-04,-1.328876350e-04,-5.585707028e-04,2.124397931e-02,-2.296492014e-05,-1.328876350e-04,-2.296492014e-05,2.139613611e-02,5.897822463e-02,0,0,0
3730,374.697467,59.209384,6.898079,1.478881474e-02,-1.833697382e-04,-5.910930804e-05,-1.833697382e-04,1.680748257e-02,-2.430498483e-05,-5.910930804e-05,-2.430498483e-05,1.691066203e-02,4.850695934e-02,0,0,0
3740,373.475679,70.665959,6.465236,4.454234249e-02,-6.424790821e-05,4.008120553e-05,-6.424790821e-05,4.856088302e-02,-7.504899945e-06,4.008120553e-05,-7.504899945e-06,4.858496732e-02,1.416881928e-01,0,0,0
3750,372.385828,82.090453,5.734853,9.988851652e-05,-1.121982822e-09,-1.645603265e-10,-1.121982822e-09,9.991602400e-05,-1.841352347e-11,-1.645603265e-10,-1.841352347e-11,9.991607192e-05,2.997206124e-04,0,1,0
3760,372.506721,91.473220,5.786670,5.907598178e-02,-3.305755441e-04,-1.311353812e-04,-3.305755441e-04,7.198576129e-02,-3.836483110e-06,-1.311353812e-04,-3.836483110e-06,7.211254169e-02,2.031742848e-01,0,0,0
3770,372.052151,100.180463,5.547960,1.084301697e-01,2.533254974e-03,3.363883203e-04,2.533254974e-03,1.507034215e-01,-1.204339045e-05,3.363883203e-04,-1.204339045e-05,1.509922801e-01,4.101258713e-01,0,0,0
3780,370.987232,109.461445,5.239506,1.149483000e-01,2.406357387e-03,-8.996751806e-04,2.406357387e-03,1.689502516e-01,2.865677326e-05,-8.996751806e-04,2.865677326e-05,1.690983194e-01,4.529968709e-01,0,0,0
3790,370.184130,120.211915,4.787002,7.878379743e-02,8.865717455e-05,1.109561601e-04,8.865717455e-05,1.023695747e-01,1.843684505e-06,1.109561601e-04,1.843684505e-06,1.024270851e-01,2.835804573e-01,0,0,0
3800,369.912817,132.038860,4.425392,9.995883070e-05,-1.660147342e-09,-4.080947966e-10,-1.660147342e-09,9.998653442e-05,-2.452619588e-11,-4.080947966e-10,-2.452619588e-11,9.998662940e-05,2.999319945e-04,0,1,0
3810,369.556637,143.669140,4.177911,8.007795202e-02,-1.734167863e-04,-1.494371327e-04,-1.734167863e-04,1.037767431e-01,9.801090448e-07,-1.494371327e-04,9.801090448e-07,1.037936772e-01,2.876483723e-01,0,0,0
3820,368.950709,155.123555,3.892801,1.200974582e-01,1.338889449e-04,-1.464908116e-03,1.338889449e-04,1.921252930e-01,6.000496157e-06,-1.464908116e-03,6.000496157e-06,1.921475414e-01,5.043702927e-01,0,0,0
3830,368.129734,166.168325,3.595747,1.200940344e-01,8.770076732e-04,-1.296130983e-03,8.770076732e-04,1.924266073e-01,1.505360336e-05,-1.296130983e-03,1.505360336e-05,1.924343084e-01,5.049549501e-01,0,0,0
3840,367.260741,176.868349,3.323702,8.007888055e-02,4.330778450e-04,-1.308237326e-04,4.330778450e-04,1.057234233e-01,2.519450272e-06,-1.308237326e-04,2.519450272e-06,1.057317082e-01,2.915340121e-01,0,0,0
3850,366.668798,187.676212,3.056416,9.996016726e-05,8.258640300e-10,-4.051680390e-10,8.258640300e-10,9.998806621e-05,9.974123411e-12,-4.051680390e-10,9.974123411e-12,9.998816943e-05,2.999364029e-04,0,1,0
3860,366.320285,198.819804,2.732479,8.012992579e-02,3.884973608e-04,-2.312210629e-04,3.884973608e-04,1.010462424e-01,5.581818421e-06,-2.312210629e-04,5.581818421e-06,1.011617677e-01,2.823379359e-01,0,0,0
3870,366.419930,210.132504,2.395694,1.201976260e-01,9.308086101e-04,-6.272098925e-04,9.308086101e-04,1.807064632e-01,2.136157194e-05,-6.272098925e-04,2.136157194e-05,1.811115969e-01,4.820156861e-01,0,0,0
3880,366.856376,221.035926,2.114599,1.202323163e-01,-1.034255751e-03,-8.342556027e-04,-1.034255751e-03,1.748645127e-01,-1.171426937e-05,-8.342556027e-04,-1.171426937e-05,1.753237615e-01,4.704205906e-01,0,0,0
3890,367.619587,230.402281,1.868753,8.018159068e-02,-4.530455582e-04,-4.500764252e-04,-4.530455582e-04,9.674155236e-02,-8.598163003e-06,-4.500764252e-04,-8.598163003e-06,9.691898942e-02,2.738421325e-01,0,0,0
3900,368.859698,237.536582,1.722341,9.996064865e-05,-3.254183536e-09,-3.691909880e-10,-3.254183536e-09,9.997848706e-05,-6.438105804e-11,-3.691909880e-10,-6.438105804e-11,9.997906633e-05,2.999182020e-04,0,1,0
3910,370.149410,242.632554,1.615301,8.020166590e-02,-3.882811071e-04,-9.586834815e-05,-3.882811071e-04,8.459133076e-02,-7.011222652e-06,-9.586834815e-05,-7.011222652e-06,8.474358013e-02,2.495365768e-01,0,0,0
3920,370.523557,246.728265,1.534108,1.202411539e-01,9.792515803e-04,-1.971602688e-04,9.792515803e-04,1.305195356e-01,1.993807116e-05,-1.971602688e-04,1.993807116e-05,1.307268881e-01,3.814875775e-01,0,0,0
3930,370.445777,250.943539,1.453910,1.201978802e-01,1.018683649e-03,-1.359003594e-04,1.018683649e-03,1.298087529e-01,1.202972038e-05,-1.359003594e-04,1.202972038e-05,1.299496774e-01,3.799563104e-01,0,0,0
3940,370.751843,255.123625,1.362247,8.009913499e-02,-1.051423481e-04,-8.715886973e-05,-1.051423481e-04,8.395303417e-02,-3.341627427e-06,-8.715886973e-05,-3.341627427e-06,8.398021932e-02,2.480323885e-01,0,0,0
3950,371.207868,258.368323,1.302895,9.996908773e-05,-2.306569966e-09,-8.526074231e-11,-2.306569966e-09,9.996651444e-05,-4.561193081e-11,-8.526074231e-11,-4.561193081e-11,9.997510553e-05,2.999107077e-04,0,1,0
3960,370.711400,261.908352,1.201978,8.680188705e-02,-3.142149885e-03,-3.975328873e-05,-3.142149885e-03,8.284790652e-02,-5.646679287e-05,-3.975328873e-05,-5.646679287e-05,9.015154423e-02,2.598013378e-01,0,0,0
3970,367.884680,265.746354,1.013975,1.298880520e-01,-9.188627684e-03,6.733866361e-05,-9.188627684e-03,1.394695332e-01,1.619105975e-04,6.733866361e-05,1.619105975e-04,1.537798426e-01,4.231374278e-01,0,0,0
3980,361.683996,268.474711,0.762951,1.243254368e-01,-2.105620582e-03,-1.079191804e-04,-2.105620582e-03,1.511671256e-01,1.812992707e-04,-1.079191804e-04,1.812992707e-04,1.603660354e-01,4.358585979e-01,0,0,0
3990,352.918362,269.658422,0.516145,8.133716072e-02,1.474009259e-03,2.339857708e-05,1.474009259e-03,9.507095940e-02,4.440110270e-05,2.339857708e-05,4.440110270e-05,9.726914895e-02,2.736772691e-01,0,0,0
4000,342.168425,270.459795,0.228353,9.996155118e-05,1.020102056e-09,-1.119805489e-10,1.020102056e-09,9.998355158e-05,2.494168806e-11,-1.119805489e-10,2.494168806e-11,9.998456598e-05,2.999296687e-04,0,1,0
4010,330.361397,271.113932,-0.064868,8.019556538e-02,-1.151958118e-03,2.594085740e-04,-1.151958118e-03,1.051063490e-01,1.887473601e-05,2.594085740e-04,1.887473601e-05,1.053342773e-01,2.906361917e-01,0,0,0
4020,318.542833,271.354289,-0.370530,1.202774333e-01,-1.181272474e-03,-1.227099279e-03,-1.181272474e-03,1.981951070e-01,-2.749516082e-06,-1.227099279e-03,-2.749516082e-06,1.989537224e-01,5.174262627e-01,0,0,0
4030,306.984233,271.037037,-0.630238,1.202625340e-01,8.704904030e-04,-9.092970284e-04,8.704904030e-04,2.002288175e-01,4.012454083e-05,-9.092970284e-04,4.012454083e-05,2.010109557e-01,5.215023072e-01,0,0,0
4040,295.590319,270.203828,-0.878206,8.017551141e-02,8.185373759e-04,-2.476493430e-04,8.185373759e-04,1.087958671e-01,1.486349062e-05,-2.476493430e-04,1.486349062e-05,1.090464822e-01,2.980178607e-01,0,0,0
4050,283.977015,268.848197,-1.099146,9.996050614e-05,-2.049145803e-10,-3.086195837e-10,-2.049145803e-10,9.998964360e-05,1.271361453e-11,-3.086195837e-10,1.271361453e-11,9.999001920e-05,2.999401690e-04,0,1,0
4060,272.110069,266.993870,-1.314550,8.022361955e-02,-1.298230144e-03,-1.889992185e-04,-1.298230144e-03,1.067411912e-01,1.847362394e-06,-1.889992185e-04,1.847362394e-06,1.070444830e-01,2.940092938e-01,0,0,0
4070,260.000550,264.515817,-1.549299,1.203070902e-01,-1.441383152e-03,-1.001722735e-03,-1.441383152e-03,2.065671835e-01,-6.819307410e-06,-1.001722735e-03,-6.819307410e-06,2.075405731e-01,5.344148468e-01,0,0,0
4080,247.887149,261.417445,-1.726796,1.202970159e-01,8.924114029e-04,-1.325730632e-03,8.924114029e-04,2.113868987e-01,3.748038262e-05,-1.325730632e-03,3.748038262e-05,2.123634677e-01,5.440473824e-01,0,0,0
4090,235.919277,257.763569,-1.876806,8.018752606e-02,8.302379710e-04,-2.730106914e-04,8.302379710e-04,1.124353002e-01,1.562742434e-05,-2.730106914e-04,1.562742434e-05,1.127405529e-01,3.053633792e-01,0,0,0
4100,224.138425,253.572047,-2.000841,9.996044612e-05,3.374340486e-10,-2.071572591e-10,3.374340486e-10,9.999003956e-05,2.072781265e-11,-2.071572591e-10,2.072781265e-11,9.999035852e-05,2.999408442e-04,0,1,0
4110,212.583752,248.972673,-2.114719,8.018264481e-02,-1.147382686e-03,-1.643637786e-04,-1.147382686e-03,1.071733858e-01,6.167046376e-06,-1.643637786e-04,6.167046376e-06,1.073903252e-01,2.947463559e-01,0,0,0
4120,201.352602,244.073251,-2.204544,1.202583368e-01,-1.766436303e-03,-3.399612326e-04,-1.766436303e-03,2.049202074e-01,4.478698970e-05,-3.399612326e-04,4.478698970e-05,2.056613930e-01,5.308399372e-01,0,0,0
4130,190.429744,238.760498,-2.291773,1.202381356e-01,4.514273192e-04,-8.159215653e-04,4.514273192e-04,2.075717808e-01,6.324711756e-05,-8.159215653e-04,6.324711756e-05,2.083277063e-01,5.361376228e-01,0,0,0
4140,179.842672,233.041997,-2.420105,8.017341098e-02,7.761518620e-04,-4.040550732e-04,7.761518620e-04,1.111110272e-01,2.333310656e-05,-4.040550732e-04,2.333310656e-05,1.113646316e-01,3.026490698e-01,0,0,0
4150,169.377470,226.758094,-2.480010,9.996046945e-05,3.639795909e-11,-2.275620298e-10,3.639795909e-11,9.998990566e-05,1.379680649e-11,-2.275620298e-10,1.379680649e-11,9.999025691e-05,2.999406320e-04,0,1,0
4160,159.052041,219.820078,-2.480280,8.018614941e-02,-1.164059619e-03,-2.378880028e-04,-1.164059619e-03,1.075180759e-01,2.358392456e-07,-2.378880028e-04,2.358392456e-07,1.077296434e-01,2.954338687e-01,0,0,0
4170,149.099783,212.650957,-2.453081,1.202779063e-01,-2.046177490e-03,-5.269907117e-04,-2.046177490e-03,2.066743567e-01,3.487456438e-05,-5.269907117e-04,3.487456438e-05,2.074538289e-01,5.344060919e-01,0,0,0
4180,139.540499,205.195669,-2.451980,1.202694699e-01,1.140298082e-04,-1.324340680e-03,1.140298082e-04,2.102654647e-01,5.748224266e-05,-1.324340680e-03,5.748224266e-05,2.111410405e-01,5.416759750e-01,0,0,0
4190,130.276988,197.165933,-2.451236,8.018314166e-02,7.326694318e-04,-5.121255360e-04,7.326694318e-04,1.124191150e-01,2.116084630e-05,-5.121255360e-04,2.116084630e-05,1.127033239e-01,3.053055805e-01,0,0,0
4200,121.160219,188.493417,-2.370975,9.996030995e-05,8.343504148e-10,-2.663670896e-10,8.343504148e-10,9.999059043e-05,2.000647231e-11,-2.663670896e-10,2.000647231e-11,9.999082269e-05,2.999417231e-04,0,1,0
4210,112.236360,179.175859,-2.323892,8.007721192e-02,2.055309307e-05,-2.778927237e-04,2.055309307e-05,1.101336975e-01,2.144075671e-06,-2.778927237e-04,2.144075671e-06,1.101454837e-01,3.003563931e-01,0,0,0
4220,103.409661,169.343651,-2.245994,1.200750447e-01,1.116621705e-03,-7.321345017e-04,1.116621705e-03,2.181988475e-01,1.049044581e-05,-7.321345017e-04,1.049044581e-05,2.182116857e-01,5.564855780e-01,0,0,0
4230,94.593174,159.464614,-2.239827,1.200783601e-01,2.382348556e-04,-1.490473985e-03,2.382348556e-04,2.223397046e-01,4.064583761e-06,-1.490473985e-03,4.064583761e-06,2.223221592e-01,5.647402240e-01,0,0,0
4240,85.767372,149.734038,-2.204579,8.007129039e-02,-2.329362341e-04,-1.300871891e-04,-2.329362341e-04,1.158412129e-01,-6.051924671e-07,-1.300871891e-04,-6.051924671e-07,1.158426596e-01,3.117551629e-01,0,0,0
4250,76.990203,139.980563,-2.127826,9.996002918e-05,1.150320421e-10,-3.249921380e-10,1.150320421e-10,9.999129252e-05,1.106284663e-12,-3.249921380e-10,1.106284663e-12,9.999128949e-05,2.999426112e-04,0,1,0
4260,68.221793,130.191903,-2.009608,8.007057872e-02,-1.192133318e-04,-2.314418237e-04,-1.192133318e-04,1.106984113e-01,-9.287222671e-07,-2.314418237e-04,-9.287222671e-07,1.106967835e-01,3.014657735e-01,0,0,0
4270,59.489487,120.469887,-1.914523,1.200651409e-01,-6.790292635e-04,-8.775871158e-04,-6.790292635e-04,2.183649753e-01,-5.955028757e-06,-8.775871158e-04,-5.955028757e-06,2.183619507e-01,5.567920669e-01,0,0,0
4280,50.727050,110.773215,-1.795623,1.200802157e-01,-5.000220490e-04,-1.600921516e-03,-5.000220490e-04,2.223467555e-01,-7.129565791e-06,-1.600921516e-03,-7.129565791e-06,2.223250631e-01,5.647520343e-01,0,0,0
4290,41.984552,101.037472,-1.714107,8.006974709e-02,6.021871633e-06,-2.125027730e-04,6.021871633e-06,1.162176818e-01,7.944943810e-08,-2.125027730e-04,7.944943810e-08,1.162178627e-01,3.125052916e-01,0,0,0
4300,33.192621,91.124968,-1.603562,9.996003306e-05,2.094805370e-10,-4.548798199e-10,2.094805370e-10,9.999096396e-05,3.091255226e-12,-4.548798199e-10,3.091255226e-12,9.999095866e-05,2.999419557e-04,0,1,0
4310,24.382277,81.141617,-1.528805,8.007145289e-02,7.619319427e-05,-2.644775696e-04,7.619319427e-05,1.098719321e-01,8.952334471e-07,-2.644775696e-04,8.952334471e-07,1.098722787e-01,2.998156637e-01,0,0,0
4320,15.692035,71.288416,-1.458106,1.200739601e-01,-2.302011174e-04,-1.239561689e-03,-2.302011174e-04,2.115285609e-01,-1.813618912e-06,-1.239561689e-03,-1.813618912e-06,2.115312316e-01,5.431337526e-01,0,0,0
4330,7.099771,61.842132,-1.400310,1.200771825e-01,-1.186117689e-03,-8.248877811e-04,-1.186117689e-03,2.081938900e-01,-1.045124577e-05,-8.248877811e-04,-1.045124577e-05,2.082055294e-01,5.364766020e-01,0,0,0
4340,-1.090704,52.839564,-1.345357,8.008509820e-02,-2.624607477e-04,-6.063858414e-04,-2.624607477e-04,1.079492079e-01,-6.160247095e-06,-6.063858414e-04,-6.160247095e-06,1.079394378e-01,2.959737439e-01,0,0,0
4350,-8.228546,44.782102,-1.243630,9.996440981e-05,-3.634839845e-09,-1.240703424e-10,-3.634839845e-09,9.998119360e-05,9.465480903e-11,-1.240703424e-10,9.465480903e-11,9.998478046e-05,2.999303839e-04,0,1,0
4360,-13.700318,37.953537,-1.164778,8.386639840e-02,-2.118337141e-03,-7.980844032e-05,-2.118337141e-03,8.801513439e-02,1.381665337e-04,-7.980844032e-05,1.381665337e-04,9.339632906e-02,2.652778618e-01,0,0,0
4370,-16.868324,31.222383,-1.018286,1.295814519e-01,-1.087655393e-03,-4.083537651e-04,-1.087655393e-03,1.418305202e-01,1.007962853e-04,-4.083537651e-04,1.007962853e-04,1.596869071e-01,4.310988793e-01,0,0,0
4380,-16.759312,24.410976,-0.827592,1.300314816e-01,3.603279151e-03,-3.200154773e-04,3.603279151e-03,1.398248774e-01,-2.522687914e-05,-3.200154773e-04,-2.522687914e-05,1.572732621e-01,4.271296211e-01,0,0,0
4390,-13.689587,18.745169,-0.578166,8.377510149e-02,2.742957901e-03,3.310071451e-05,2.742957901e-03,8.655180783e-02,-1.470152969e-04,3.310071451e-05,-1.470152969e-04,9.115831422e-02,2.614852235e-01,0,0,0
4400,-10.384463,13.635433,-0.317597,9.996374308e-05,3.088623442e-09,-9.954555948e-11,3.088623442e-09,9.997010162e-05,-2.404454961e-12,-9.954555948e-11,-2.404454961e-12,9.997299482e-05,2.999068395e-04,0,1,0
4410,-7.983733,9.409341,-0.108248,8.035042701e-02,-5.818670839e-04,-6.958283804e-05,-5.818670839e-04,8.324460655e-02,-1.433868067e-05,-6.958283804e-05,-1.433868067e-05,8.354600091e-02,2.471410345e-01,0,0,0
4420,-6.618898,6.719941,0.023499,1.212798929e-01,-1.713307968e-03,-4.734236949e-05,-1.713307968e-03,1.271979947e-01,-1.024085297e-05,-4.734236949e-05,-1.024085297e-05,1.285927742e-01,3.770706618e-01,0,0,0
4430,-5.266344,4.750227,0.138387,1.215401268e-01,-1.597759418e-03,1.100822847e-04,-1.597759418e-03,1.277624782e-01,2.663908872e-05,1.100822847e-04,2.663908872e-05,1.295166266e-01,3.788192316e-01,0,0,0
4440,-2.647947,2.555362,0.319849,8.070660110e-02,-1.517891032e-04,-1.440306092e-05,-1.517891032e-04,8.369863758e-02,1.711819632e-05,-1.440306092e-05,1.711819632e-05,8.446706474e-02,2.488723034e-01,0,0,0
4450,2.031863,0.771902,0.486831,9.996228484e-05,-1.922611279e-09,-1.131057984e-10,-1.922611279e-09,9.997481183e-05,8.216523269e-11,-1.131057984e-10,8.216523269e-11,9.997702226e-05,2.999141189e-04,0,1,0
4460,9.137407,0.460936,0.639256,8.010151854e-02,-2.143326030e-04,-4.656903043e-05,-2.143326030e-04,9.511274590e-02,4.661648706e-07,-4.656903043e-05,4.661648706e-07,9.517039718e-02,2.703846616e-01,0,0,0
4470,18.046611,0.801122,0.891140,1.201033872e-01,-7.717451840e-04,3.450967416e-06,-7.717451840e-04,1.710994760e-01,1.032066468e-05,3.450967416e-06,1.032066468e-05,1.712171039e-01,4.624199671e-01,0,0,0
4480,28.186034,1.377681,1.127797,1.200882971e-01,5.896974116e-04,-1.567594338e-04,5.896974116e-04,1.803849482e-01,1.104851032e-05,-1.567594338e-04,1.104851032e-05,1.804804141e-01,4.809536593e-01,0,0,0
4490,39.100830,2.222475,1.369453,8.008026020e-02,3.098708816e-04,-1.726879550e-04,3.098708816e-04,1.039498742e-01,4.210648075e-06,-1.726879550e-04,4.210648075e-06,1.039648428e-01,2.879949772e-01,0,0,0
4500,50.367118,3.033712,1.606881,9.998001520e-05,2.573593533e-11,-4.149608238e-11,2.573593533e-11,9.999348017e-05,1.224719774e-13,-4.149608238e-11,1.224719774e-13,9.999348082e-05,2.999669762e-04,0,1,1
4510,62.014744,3.720500,1.848272,1.001010149e-01,-1.621279434e-04,-9.255015396e-05,-1.621279434e-04,1.396104407e-01,-3.634894151e-07,-9.255015396e-05,-3.634894151e-07,1.396108533e-01,3.793223089e-01,0,0,1
4520,73.886983,4.454275,2.111281,2.001123136e-01,-1.522819066e-03,-1.369729316e-03,-1.522819066e-03,5.481769560e-01,-5.996956066e-06,-1.369729316e-03,-5.996956066e-06,5.481782046e-01,1.296467474e+00,0,0,1
4530,85.605823,5.144041,2.432920,3.006099683e-01,-8.507418219e-03,-2.310930843e-02,-8.507418219e-03,1.493346643e+00,-1.644742484e-04,-2.310930843e-02,-1.644742484e-04,1.492958493e+00,3.286915104e+00,0,0,1
4540,96.968560,5.738948,2.647349,4.007717923e-01,-3.298818179e-02,-2.757490351e-02,-3.298818179e-02,3.186794443e+00,-3.287086835e-04,-2.757490351e-02,-3.287086835e-04,3.186915728e+00,6.774481963e+00,0,0,1
